file_path,Logic,Storage,Common,E2E,Client,best_module,best_likelihood
src/lnp/java/teammates/lnp/cases/StudentSectionUpdateLNPTest.java,0.00,0.00,0.00,100.00,0.00,E2E,100.00
src/lnp/java/teammates/lnp/cases/StudentEmailUpdateLNPTest.java,0.00,0.00,0.00,100.00,0.00,E2E,100.00
src/lnp/java/teammates/lnp/cases/FeedbackQuestionUpdateLNPTest.java,0.00,0.00,0.00,80.00,20.00,E2E,80.00
src/lnp/java/teammates/lnp/cases/StudentTeamUpdateLNPTest.java,0.00,0.00,0.00,100.00,0.00,E2E,100.00
src/lnp/java/teammates/lnp/cases/InstructorStudentEnrollmentLNPTest.java,0.00,0.00,0.00,100.00,0.00,E2E,100.00
src/lnp/java/teammates/lnp/cases/InstructorCourseUpdateLNPTest.java,0.00,0.00,0.00,100.00,0.00,E2E,100.00
src/lnp/java/teammates/lnp/cases/BaseLNPTestCase.java,0.00,0.00,5.00,95.00,0.00,E2E,95.00
src/lnp/java/teammates/lnp/cases/FeedbackSessionViewLNPTest.java,0.00,0.00,0.00,100.00,0.00,E2E,100.00
src/lnp/java/teammates/lnp/cases/FeedbackSessionSubmitLNPTest.java,0.00,0.00,0.00,100.00,0.00,E2E,100.00
src/lnp/java/teammates/lnp/cases/InstructorUpdateLNPTest.java,0.00,0.00,0.00,100.00,0.00,E2E,100.00
src/lnp/java/teammates/lnp/cases/InstructorSessionResultLNPTest.java,0.00,0.00,0.00,100.00,0.00,E2E,100.00
src/lnp/java/teammates/lnp/cases/package-info.java,10.00,5.00,10.00,70.00,5.00,E2E,70.00
src/lnp/java/teammates/lnp/cases/InstructorStudentCascadingUpdateLNPTest.java,0.00,0.00,0.00,95.00,0.00,E2E,95.00
src/lnp/java/teammates/lnp/util/TestProperties.java,0.00,0.00,0.00,0.00,0.00,Logic,0.00
src/lnp/java/teammates/lnp/util/BackDoor.java,10.00,5.00,30.00,50.00,5.00,E2E,50.00
src/lnp/java/teammates/lnp/util/LNPTestData.java,10.00,5.00,20.00,95.00,0.00,E2E,95.00
src/lnp/java/teammates/lnp/util/JMeterElements.java,0.00,0.00,5.00,95.00,0.00,E2E,95.00
src/lnp/java/teammates/lnp/util/LNPSpecification.java,0.00,0.00,20.00,90.00,0.00,E2E,90.00
src/lnp/java/teammates/lnp/util/LNPResultsStatistics.java,10.00,0.00,30.00,90.00,5.00,E2E,90.00
src/lnp/java/teammates/lnp/util/package-info.java,0.00,0.00,20.00,80.00,0.00,E2E,80.00
src/e2e/java/teammates/e2e/pageobjects/InstructorCourseStudentDetailsEditPage.java,0.00,0.00,0.00,100.00,0.00,E2E,100.00
src/e2e/java/teammates/e2e/pageobjects/InstructorCourseEnrollPage.java,0.00,0.00,0.00,100.00,0.00,E2E,100.00
src/e2e/java/teammates/e2e/pageobjects/InstructorFeedbackSessionsPage.java,0.00,0.00,0.00,100.00,0.00,E2E,100.00
src/e2e/java/teammates/e2e/pageobjects/InstructorCourseEditPage.java,0.00,0.00,0.00,100.00,0.00,E2E,100.00
src/e2e/java/teammates/e2e/pageobjects/AdminTimezonePage.java,0.00,0.00,0.00,100.00,0.00,E2E,100.00
src/e2e/java/teammates/e2e/pageobjects/ErrorReportingModal.java,0.00,0.00,0.00,100.00,0.00,E2E,100.00
src/e2e/java/teammates/e2e/pageobjects/CourseJoinConfirmationPage.java,0.00,0.00,0.00,100.00,0.00,E2E,100.00
src/e2e/java/teammates/e2e/pageobjects/InstructorSearchPage.java,0.00,0.00,0.00,100.00,0.00,E2E,100.00
src/e2e/java/teammates/e2e/pageobjects/Browser.java,0.00,0.00,0.00,100.00,0.00,E2E,100.00
src/e2e/java/teammates/e2e/pageobjects/InstructorSessionIndividualExtensionPage.java,0.00,0.00,0.00,100.00,0.00,E2E,100.00
src/e2e/java/teammates/e2e/pageobjects/StudentHomePage.java,0.00,0.00,0.00,100.00,0.00,E2E,100.00
src/e2e/java/teammates/e2e/pageobjects/InstructorStudentListPage.java,0.00,0.00,0.00,100.00,0.00,E2E,100.00
src/e2e/java/teammates/e2e/pageobjects/InstructorFeedbackResultsPage.java,0.00,0.00,0.00,100.00,0.00,E2E,100.00
src/e2e/java/teammates/e2e/pageobjects/AdminNotificationsPage.java,0.00,0.00,5.00,95.00,0.00,E2E,95.00
src/e2e/java/teammates/e2e/pageobjects/InstructorCourseStudentDetailsViewPage.java,0.00,0.00,0.00,100.00,0.00,E2E,100.00
src/e2e/java/teammates/e2e/pageobjects/InstructorFeedbackEditPage.java,10.00,5.00,15.00,95.00,5.00,E2E,95.00
src/e2e/java/teammates/e2e/pageobjects/DevServerLoginPage.java,0.00,0.00,0.00,100.00,0.00,E2E,100.00
src/e2e/java/teammates/e2e/pageobjects/AdminSessionsPage.java,0.00,0.00,0.00,100.00,0.00,E2E,100.00
src/e2e/java/teammates/e2e/pageobjects/InstructorCoursesPage.java,0.00,0.00,0.00,100.00,0.00,E2E,100.00
src/e2e/java/teammates/e2e/pageobjects/UserNotificationsPage.java,0.00,0.00,0.00,100.00,0.00,E2E,100.00
src/e2e/java/teammates/e2e/pageobjects/FeedbackResultsPage.java,0.00,0.00,0.00,100.00,0.00,E2E,100.00
src/e2e/java/teammates/e2e/pageobjects/AdminSearchPage.java,0.00,0.00,0.00,100.00,0.00,E2E,100.00
src/e2e/java/teammates/e2e/pageobjects/InstructorStudentActivityLogsPage.java,0.00,0.00,0.00,100.00,0.00,E2E,100.00
src/e2e/java/teammates/e2e/pageobjects/InstructorCourseDetailsPage.java,0.00,0.00,0.00,100.00,0.00,E2E,100.00
src/e2e/java/teammates/e2e/pageobjects/StudentCourseDetailsPage.java,0.00,0.00,0.00,100.00,0.00,E2E,100.00
src/e2e/java/teammates/e2e/pageobjects/InstructorStudentRecordsPage.java,0.00,0.00,5.00,95.00,0.00,E2E,95.00
src/e2e/java/teammates/e2e/pageobjects/InstructorNotificationsPage.java,0.00,0.00,0.00,100.00,0.00,E2E,100.00
src/e2e/java/teammates/e2e/pageobjects/HomePage.java,0.00,0.00,0.00,100.00,0.00,E2E,100.00
src/e2e/java/teammates/e2e/pageobjects/IanaTimezonePage.java,0.00,0.00,0.00,100.00,0.00,E2E,100.00
src/e2e/java/teammates/e2e/pageobjects/AdminAccountsPage.java,0.00,0.00,0.00,100.00,0.00,E2E,100.00
src/e2e/java/teammates/e2e/pageobjects/StudentNotificationsPage.java,0.00,0.00,0.00,100.00,0.00,E2E,100.00
src/e2e/java/teammates/e2e/pageobjects/FeedbackSubmitPage.java,0.00,0.00,0.00,100.00,0.00,E2E,100.00
src/e2e/java/teammates/e2e/pageobjects/AdminHomePage.java,0.00,0.00,0.00,100.00,0.00,E2E,100.00
src/e2e/java/teammates/e2e/pageobjects/AppPage.java,0.00,0.00,0.00,100.00,0.00,E2E,100.00
src/e2e/java/teammates/e2e/pageobjects/package-info.java,0.00,0.00,5.00,95.00,0.00,E2E,95.00
src/e2e/java/teammates/e2e/pageobjects/InstructorHomePage.java,0.00,0.00,0.00,100.00,0.00,E2E,100.00
src/e2e/java/teammates/e2e/cases/axe/AdminHomePageAxeTest.java,0.00,0.00,0.00,100.00,0.00,E2E,100.00
src/e2e/java/teammates/e2e/cases/axe/FeedbackSubmitPageAxeTest.java,0.00,0.00,5.00,95.00,0.00,E2E,95.00
src/e2e/java/teammates/e2e/cases/axe/StudentNotificationsPageAxeTest.java,0.00,0.00,0.00,100.00,0.00,E2E,100.00
src/e2e/java/teammates/e2e/cases/axe/InstructorCourseEditPageAxeTest.java,0.00,0.00,0.00,100.00,0.00,E2E,100.00
src/e2e/java/teammates/e2e/cases/axe/InstructorSessionIndividualExtensionPageAxeTest.java,0.00,0.00,0.00,100.00,0.00,E2E,100.00
src/e2e/java/teammates/e2e/cases/axe/InstructorCourseJoinConfirmationPageAxeTest.java,0.00,0.00,0.00,100.00,0.00,E2E,100.00
src/e2e/java/teammates/e2e/cases/axe/InstructorFeedbackReportPageAxeTest.java,0.00,0.00,0.00,100.00,0.00,E2E,100.00
src/e2e/java/teammates/e2e/cases/axe/InstructorFeedbackEditPageAxeTest.java,0.00,0.00,0.00,100.00,0.00,E2E,100.00
src/e2e/java/teammates/e2e/cases/axe/InstructorStudentListPageAxeTest.java,0.00,0.00,0.00,100.00,0.00,E2E,100.00
src/e2e/java/teammates/e2e/cases/axe/InstructorStudentActivityLogsPageAxeTest.java,0.00,0.00,0.00,100.00,0.00,E2E,100.00
src/e2e/java/teammates/e2e/cases/axe/StudentHomePageAxeTest.java,0.00,0.00,0.00,100.00,0.00,E2E,100.00
src/e2e/java/teammates/e2e/cases/axe/InstructorNotificationsPageAxeTest.java,0.00,0.00,0.00,100.00,0.00,E2E,100.00
src/e2e/java/teammates/e2e/cases/axe/InstructorCourseEnrollPageAxeTest.java,0.00,0.00,0.00,100.00,0.00,E2E,100.00
src/e2e/java/teammates/e2e/cases/axe/StudentCourseDetailsPageAxeTest.java,0.00,0.00,0.00,100.00,0.00,E2E,100.00
src/e2e/java/teammates/e2e/cases/axe/AdminNotificationsPageAxeTest.java,0.00,0.00,0.00,100.00,0.00,E2E,100.00
src/e2e/java/teammates/e2e/cases/axe/InstructorCourseDetailsPageAxeTest.java,0.00,0.00,0.00,100.00,0.00,E2E,100.00
src/e2e/java/teammates/e2e/cases/axe/InstructorFeedbackSessionsPageAxeTest.java,0.00,0.00,0.00,100.00,0.00,E2E,100.00
src/e2e/java/teammates/e2e/cases/axe/InstructorCoursesPageAxeTest.java,0.00,0.00,0.00,100.00,0.00,E2E,100.00
src/e2e/java/teammates/e2e/cases/axe/InstructorHomePageAxeTest.java,0.00,0.00,0.00,100.00,0.00,E2E,100.00
src/e2e/java/teammates/e2e/cases/axe/FeedbackResultsPageAxeTest.java,5.00,0.00,0.00,95.00,0.00,E2E,95.00
src/e2e/java/teammates/e2e/cases/axe/AdminSearchPageAxeTest.java,0.00,0.00,0.00,100.00,0.00,E2E,100.00
src/e2e/java/teammates/e2e/cases/axe/AdminSessionsPageAxeTest.java,0.00,0.00,0.00,100.00,0.00,E2E,100.00
src/e2e/java/teammates/e2e/cases/axe/AdminAccountsPageAxeTest.java,0.00,0.00,0.00,100.00,0.00,E2E,100.00
src/e2e/java/teammates/e2e/cases/axe/StudentCourseJoinConfirmationPageAxeTest.java,0.00,0.00,0.00,100.00,0.00,E2E,100.00
src/e2e/java/teammates/e2e/cases/axe/InstructorStudentRecordsPageAxeTest.java,0.00,0.00,0.00,100.00,0.00,E2E,100.00
src/e2e/java/teammates/e2e/cases/axe/InstructorSearchPageAxeTest.java,0.00,0.00,0.00,100.00,0.00,E2E,100.00
src/e2e/java/teammates/e2e/cases/axe/InstructorCourseStudentDetailsPageAxeTest.java,0.00,0.00,0.00,100.00,0.00,E2E,100.00
src/e2e/java/teammates/e2e/cases/axe/package-info.java,0.00,0.00,0.00,100.00,0.00,E2E,100.00
src/e2e/java/teammates/e2e/cases/axe/InstructorCourseStudentDetailsEditPageAxeTest.java,0.00,0.00,0.00,100.00,0.00,E2E,100.00
src/e2e/java/teammates/e2e/cases/InstructorSessionIndividualExtensionPageE2ETest.java,0.00,0.00,0.00,100.00,0.00,E2E,100.00
src/e2e/java/teammates/e2e/cases/FeedbackSubmitPageE2ETest.java,0.00,0.00,0.00,100.00,0.00,E2E,100.00
src/e2e/java/teammates/e2e/cases/StudentCourseJoinConfirmationPageE2ETest.java,0.00,0.00,0.00,100.00,0.00,E2E,100.00
src/e2e/java/teammates/e2e/cases/InstructorHomePageE2ETest.java,0.00,0.00,0.00,100.00,0.00,E2E,100.00
src/e2e/java/teammates/e2e/cases/BaseE2ETestCase.java,0.00,0.00,0.00,100.00,0.00,E2E,100.00
src/e2e/java/teammates/e2e/cases/InstructorSearchPageE2ETest.java,0.00,0.00,0.00,100.00,0.00,E2E,100.00
src/e2e/java/teammates/e2e/cases/InstructorFeedbackSessionsPageE2ETest.java,0.00,0.00,0.00,100.00,0.00,E2E,100.00
src/e2e/java/teammates/e2e/cases/InstructorCourseEnrollPageE2ETest.java,0.00,0.00,5.00,95.00,0.00,E2E,95.00
src/e2e/java/teammates/e2e/cases/AdminHomePageE2ETest.java,0.00,0.00,0.00,100.00,0.00,E2E,100.00
src/e2e/java/teammates/e2e/cases/FeedbackConstSumOptionQuestionE2ETest.java,0.00,0.00,0.00,100.00,0.00,E2E,100.00
src/e2e/java/teammates/e2e/cases/FeedbackMsqQuestionE2ETest.java,0.00,0.00,0.00,100.00,0.00,E2E,100.00
src/e2e/java/teammates/e2e/cases/InstructorCourseDetailsPageE2ETest.java,0.00,0.00,0.00,100.00,0.00,E2E,100.00
src/e2e/java/teammates/e2e/cases/FeedbackMcqQuestionE2ETest.java,0.00,0.00,0.00,100.00,0.00,E2E,100.00
src/e2e/java/teammates/e2e/cases/TimezoneSyncerTest.java,0.00,0.00,0.00,100.00,0.00,E2E,100.00
src/e2e/java/teammates/e2e/cases/InstructorCourseStudentDetailsEditPageE2ETest.java,0.00,0.00,0.00,100.00,0.00,E2E,100.00
src/e2e/java/teammates/e2e/cases/InstructorCoursesPageE2ETest.java,0.00,0.00,0.00,100.00,0.00,E2E,100.00
src/e2e/java/teammates/e2e/cases/SystemErrorEmailReportE2ETest.java,0.00,0.00,0.00,100.00,0.00,E2E,100.00
src/e2e/java/teammates/e2e/cases/AutomatedSessionRemindersE2ETest.java,0.00,0.00,0.00,100.00,0.00,E2E,100.00
src/e2e/java/teammates/e2e/cases/InstructorStudentListPageE2ETest.java,0.00,0.00,0.00,100.00,0.00,E2E,100.00
src/e2e/java/teammates/e2e/cases/BaseFeedbackQuestionE2ETest.java,0.00,0.00,0.00,100.00,0.00,E2E,100.00
src/e2e/java/teammates/e2e/cases/FeedbackRubricQuestionE2ETest.java,0.00,0.00,0.00,100.00,0.00,E2E,100.00
src/e2e/java/teammates/e2e/cases/FeedbackContributionQuestionE2ETest.java,0.00,0.00,0.00,100.00,0.00,E2E,100.00
src/e2e/java/teammates/e2e/cases/FeedbackRankOptionQuestionE2ETest.java,0.00,0.00,0.00,100.00,0.00,E2E,100.00
src/e2e/java/teammates/e2e/cases/InstructorFeedbackReportPageE2ETest.java,0.00,0.00,0.00,100.00,0.00,E2E,100.00
src/e2e/java/teammates/e2e/cases/FeedbackRankRecipientQuestionE2ETest.java,0.00,0.00,0.00,0.00,0.00,Logic,0.00
src/e2e/java/teammates/e2e/cases/InstructorCourseStudentDetailsPageE2ETest.java,0.00,0.00,0.00,100.00,0.00,E2E,100.00
src/e2e/java/teammates/e2e/cases/AdminNotificationsPageE2ETest.java,0.00,0.00,0.00,100.00,0.00,E2E,100.00
src/e2e/java/teammates/e2e/cases/StudentHomePageE2ETest.java,0.00,0.00,0.00,100.00,0.00,E2E,100.00
src/e2e/java/teammates/e2e/cases/InstructorCourseJoinConfirmationPageE2ETest.java,0.00,0.00,0.00,100.00,0.00,E2E,100.00
src/e2e/java/teammates/e2e/cases/InstructorStudentRecordsPageE2ETest.java,0.00,0.00,0.00,100.00,0.00,E2E,100.00
src/e2e/java/teammates/e2e/cases/NotificationBannerE2ETest.java,0.00,0.00,0.00,100.00,0.00,E2E,100.00
src/e2e/java/teammates/e2e/cases/FeedbackNumScaleQuestionE2ETest.java,0.00,0.00,0.00,100.00,0.00,E2E,100.00
src/e2e/java/teammates/e2e/cases/StudentNotificationsPageE2ETest.java,0.00,0.00,0.00,100.00,0.00,E2E,100.00
src/e2e/java/teammates/e2e/cases/InstructorNotificationsPageE2ETest.java,0.00,0.00,0.00,100.00,0.00,E2E,100.00
src/e2e/java/teammates/e2e/cases/InstructorStudentActivityLogsPageE2ETest.java,0.00,0.00,0.00,100.00,0.00,E2E,100.00
src/e2e/java/teammates/e2e/cases/InstructorFeedbackEditPageE2ETest.java,0.00,0.00,0.00,100.00,0.00,E2E,100.00
src/e2e/java/teammates/e2e/cases/AdminSessionsPageE2ETest.java,0.00,0.00,5.00,95.00,0.00,E2E,95.00
src/e2e/java/teammates/e2e/cases/FeedbackConstSumRecipientQuestionE2ETest.java,0.00,0.00,0.00,100.00,0.00,E2E,100.00
src/e2e/java/teammates/e2e/cases/StudentCourseDetailsPageE2ETest.java,0.00,0.00,0.00,100.00,0.00,E2E,100.00
src/e2e/java/teammates/e2e/cases/FeedbackResultsPageE2ETest.java,0.00,0.00,0.00,100.00,0.00,E2E,100.00
src/e2e/java/teammates/e2e/cases/AdminSearchPageE2ETest.java,0.00,0.00,0.00,100.00,0.00,E2E,100.00
src/e2e/java/teammates/e2e/cases/AdminAccountsPageE2ETest.java,0.00,0.00,0.00,100.00,0.00,E2E,100.00
src/e2e/java/teammates/e2e/cases/FeedbackTextQuestionE2ETest.java,0.00,0.00,0.00,100.00,0.00,E2E,100.00
src/e2e/java/teammates/e2e/cases/InstructorCourseEditPageE2ETest.java,0.00,0.00,0.00,100.00,0.00,E2E,100.00
src/e2e/java/teammates/e2e/cases/package-info.java,0.00,0.00,0.00,100.00,0.00,E2E,100.00
src/e2e/java/teammates/e2e/util/TestProperties.java,0.00,0.00,10.00,90.00,0.00,E2E,90.00
src/e2e/java/teammates/e2e/util/EmailAccount.java,0.00,0.00,10.00,90.00,0.00,E2E,90.00
src/e2e/java/teammates/e2e/util/TestDataValidityTest.java,5.00,0.00,10.00,85.00,0.00,E2E,85.00
src/e2e/java/teammates/e2e/util/AxeUtil.java,0.00,0.00,0.00,100.00,0.00,E2E,100.00
src/e2e/java/teammates/e2e/util/MaximumRetriesExceededException.java,5.00,5.00,20.00,65.00,5.00,E2E,65.00
src/e2e/java/teammates/e2e/util/BackDoor.java,0.00,0.00,10.00,90.00,0.00,E2E,90.00
src/e2e/java/teammates/e2e/util/Retryable.java,0.00,0.00,10.00,90.00,0.00,E2E,90.00
src/e2e/java/teammates/e2e/util/TestPropertiesTest.java,0.00,0.00,0.00,100.00,0.00,E2E,100.00
src/e2e/java/teammates/e2e/util/EmailAccountTest.java,5.00,0.00,10.00,95.00,0.00,E2E,95.00
src/e2e/java/teammates/e2e/util/GmailServiceMaker.java,0.00,0.00,0.00,0.00,0.00,Logic,0.00
src/e2e/java/teammates/e2e/util/TestNgXmlTest.java,0.00,0.00,0.00,0.00,0.00,Logic,0.00
src/e2e/java/teammates/e2e/util/RetryManager.java,5.00,5.00,10.00,75.00,5.00,E2E,75.00
src/e2e/java/teammates/e2e/util/package-info.java,0.00,0.00,10.00,90.00,0.00,E2E,90.00
src/client/java/teammates/client/connector/DatastoreClient.java,0.00,10.00,0.00,0.00,90.00,Client,90.00
src/client/java/teammates/client/connector/package-info.java,0.00,0.00,0.00,0.00,100.00,Client,100.00
src/client/java/teammates/client/scripts/statistics/StatisticsPerInstitute.java,10.00,20.00,5.00,0.00,95.00,Client,95.00
src/client/java/teammates/client/scripts/statistics/StatisticsBundle.java,10.00,5.00,15.00,0.00,70.00,Client,70.00
src/client/java/teammates/client/scripts/statistics/FileStore.java,5.00,10.00,15.00,0.00,100.00,Client,100.00
src/client/java/teammates/client/scripts/statistics/CursorIterator.java,10.00,20.00,15.00,5.00,90.00,Client,90.00
src/client/java/teammates/client/scripts/statistics/package-info.java,0.00,0.00,0.00,0.00,100.00,Client,100.00
src/client/java/teammates/client/scripts/DataMigrationForUnencryptedKeyForInstructors.java,10.00,20.00,5.00,0.00,100.00,Client,100.00
src/client/java/teammates/client/scripts/DataMigrationEntitiesBaseScript.java,20.00,30.00,10.00,0.00,90.00,Client,90.00
src/client/java/teammates/client/scripts/DataBundleRegenerator.java,10.00,5.00,0.00,0.00,100.00,Client,100.00
src/client/java/teammates/client/scripts/DataMigrationForFeedbackSessionMismatchedTimezone.java,5.00,10.00,5.00,0.00,80.00,Client,80.00
src/client/java/teammates/client/scripts/DataMigrationForContributionQuestionDetailsIsZeroSum.java,0.00,0.00,0.00,1.00,99.00,Client,99.00
src/client/java/teammates/client/scripts/GoogleIdMigrationBaseScript.java,10.00,20.00,5.00,0.00,90.00,Client,90.00
src/client/java/teammates/client/scripts/DataMigrationForGoogleIdToGmail.java,5.00,5.00,0.00,0.00,90.00,Client,90.00
src/client/java/teammates/client/scripts/TeamEvalResultCalculations.java,0.00,0.00,0.00,0.00,100.00,Client,100.00
src/client/java/teammates/client/scripts/DataMigrationForNullCommentGiverType.java,0.00,0.00,0.00,0.00,100.00,Client,100.00
src/client/java/teammates/client/scripts/DataMigrationForSanitizedInstructorName.java,0.00,0.00,0.00,0.00,100.00,Client,100.00
src/client/java/teammates/client/scripts/DataMigrationForSampleGoogleIdInStudentAttributes.java,5.00,10.00,0.00,0.00,85.00,Client,85.00
src/client/java/teammates/client/scripts/DataMigrationForInstructorNullIsArchivedField.java,5.00,5.00,5.00,0.00,85.00,Client,85.00
src/client/java/teammates/client/scripts/DataMigrationForTextQuestionDetailsFormat.java,10.00,20.00,5.00,0.00,99.00,Client,99.00
src/client/java/teammates/client/scripts/DataMigrationForUnencryptedKeyForStudents.java,0.00,0.00,0.00,0.00,100.00,Client,100.00
src/client/java/teammates/client/scripts/GenerateUsageStatisticsObjects.java,0.00,5.00,0.00,0.00,95.00,Client,95.00
src/client/java/teammates/client/scripts/DataMigrationForConstSumForceUnevenDistribution.java,0.00,10.00,0.00,0.00,90.00,Client,90.00
src/client/java/teammates/client/scripts/DataMigrationForSanitizedDataInInstructorAttributes.java,0.00,0.00,0.00,0.00,100.00,Client,100.00
src/client/java/teammates/client/scripts/PopulateCourseSearchDocuments.java,0.00,0.00,0.00,0.00,100.00,Client,100.00
src/client/java/teammates/client/scripts/DataMigrationForSanitizedDataInStudentAttributes.java,0.00,0.00,0.00,0.00,100.00,Client,100.00
src/client/java/teammates/client/scripts/DataMigrationForTextQuestionRecommendedLength.java,0.00,0.00,0.00,0.00,100.00,Client,100.00
src/client/java/teammates/client/scripts/MockCourseWithLargeResponseScript.java,0.00,0.00,0.00,20.00,95.00,Client,95.00
src/client/java/teammates/client/scripts/IndexFeedbackSessionFields.java,0.00,0.00,0.00,0.00,100.00,Client,100.00
src/client/java/teammates/client/scripts/SingleAccountGoogleIdMigrationScript.java,0.00,0.00,0.00,0.00,100.00,Client,100.00
src/client/java/teammates/client/scripts/DataMigrationForSanitizedDataInCourseAttributes.java,0.00,0.00,0.00,0.00,100.00,Client,100.00
src/client/java/teammates/client/scripts/DataMigrationForTeamNameInResponseGiver.java,5.00,20.00,0.00,0.00,100.00,Client,100.00
src/client/java/teammates/client/scripts/DataMigrationForStudentsAndTeamsRecipientType.java,0.00,0.00,0.00,0.00,100.00,Client,100.00
src/client/java/teammates/client/scripts/package-info.java,0.00,0.00,0.00,0.00,100.00,Client,100.00
src/client/java/teammates/client/scripts/DataMigrationForInstructorFeedbackResponseComments.java,5.00,5.00,0.00,0.00,90.00,Client,90.00
src/client/java/teammates/client/scripts/ListActiveInstructors.java,0.00,5.00,0.00,0.00,95.00,Client,95.00
src/client/java/teammates/client/util/LoopHelper.java,10.00,0.00,20.00,0.00,70.00,Client,70.00
src/client/java/teammates/client/util/BackDoor.java,10.00,0.00,20.00,0.00,70.00,Client,70.00
src/client/java/teammates/client/util/ClientProperties.java,0.00,0.00,20.00,0.00,80.00,Client,80.00
src/client/java/teammates/client/util/package-info.java,0.00,0.00,10.00,0.00,90.00,Client,90.00
src/main/java/teammates/logic/core/FeedbackResponsesLogic.java,100.00,0.00,0.00,0.00,0.00,Logic,100.00
src/main/java/teammates/logic/core/CoursesLogic.java,100.00,0.00,0.00,0.00,0.00,Logic,100.00
src/main/java/teammates/logic/core/FeedbackSessionsLogic.java,100.00,0.00,0.00,0.00,0.00,Logic,100.00
src/main/java/teammates/logic/core/LogicStarter.java,95.00,5.00,0.00,0.00,0.00,Logic,95.00
src/main/java/teammates/logic/core/UsageStatisticsLogic.java,95.00,5.00,0.00,0.00,0.00,Logic,95.00
src/main/java/teammates/logic/core/AccountRequestsLogic.java,95.00,5.00,0.00,0.00,0.00,Logic,95.00
src/main/java/teammates/logic/core/FeedbackQuestionsLogic.java,100.00,0.00,0.00,0.00,0.00,Logic,100.00
src/main/java/teammates/logic/core/AccountsLogic.java,95.00,1.00,1.00,1.00,2.00,Logic,95.00
src/main/java/teammates/logic/core/DeadlineExtensionsLogic.java,100.00,0.00,0.00,0.00,0.00,Logic,100.00
src/main/java/teammates/logic/core/NotificationsLogic.java,100.00,5.00,0.00,0.00,0.00,Logic,100.00
src/main/java/teammates/logic/core/StudentsLogic.java,100.00,0.00,0.00,0.00,0.00,Logic,100.00
src/main/java/teammates/logic/core/FeedbackResponseCommentsLogic.java,95.00,5.00,0.00,0.00,0.00,Logic,95.00
src/main/java/teammates/logic/core/DataBundleLogic.java,95.00,3.00,1.00,0.00,1.00,Logic,95.00
src/main/java/teammates/logic/core/InstructorsLogic.java,100.00,5.00,0.00,0.00,0.00,Logic,100.00
src/main/java/teammates/logic/core/package-info.java,95.00,0.00,5.00,0.00,0.00,Logic,95.00
src/main/java/teammates/logic/api/TaskQueuer.java,95.00,5.00,0.00,0.00,0.00,Logic,95.00
src/main/java/teammates/logic/api/UserProvision.java,90.00,5.00,0.00,0.00,5.00,Logic,90.00
src/main/java/teammates/logic/api/AuthProxy.java,95.00,5.00,0.00,0.00,0.00,Logic,95.00
src/main/java/teammates/logic/api/RecaptchaVerifier.java,100.00,0.00,0.00,0.00,0.00,Logic,100.00
src/main/java/teammates/logic/api/EmailGenerator.java,100.00,0.00,0.00,0.00,0.00,Logic,100.00
src/main/java/teammates/logic/api/EmailSender.java,95.00,5.00,10.00,0.00,0.00,Logic,95.00
src/main/java/teammates/logic/api/LogsProcessor.java,100.00,0.00,5.00,0.00,0.00,Logic,100.00
src/main/java/teammates/logic/api/Logic.java,100.00,5.00,0.00,0.00,0.00,Logic,100.00
src/main/java/teammates/logic/api/package-info.java,95.00,5.00,0.00,0.00,0.00,Logic,95.00
src/main/java/teammates/logic/external/EmptyAuthService.java,90.00,5.00,3.00,1.00,1.00,Logic,90.00
src/main/java/teammates/logic/external/MailjetService.java,100.00,0.00,0.00,0.00,0.00,Logic,100.00
src/main/java/teammates/logic/external/EmailSenderService.java,95.00,5.00,0.00,0.00,0.00,Logic,95.00
src/main/java/teammates/logic/external/RecaptchaService.java,100.00,0.00,0.00,0.00,0.00,Logic,100.00
src/main/java/teammates/logic/external/EmptyEmailService.java,100.00,0.00,0.00,0.00,0.00,Logic,100.00
src/main/java/teammates/logic/external/LogService.java,90.00,10.00,0.00,0.00,0.00,Logic,90.00
src/main/java/teammates/logic/external/AuthService.java,80.00,5.00,10.00,0.00,5.00,Logic,80.00
src/main/java/teammates/logic/external/SendgridService.java,80.00,5.00,0.00,0.00,0.00,Logic,80.00
src/main/java/teammates/logic/external/GoogleCloudTasksService.java,100.00,0.00,0.00,0.00,0.00,Logic,100.00
src/main/java/teammates/logic/external/MailgunService.java,100.00,0.00,0.00,0.00,0.00,Logic,100.00
src/main/java/teammates/logic/external/GoogleCloudLoggingService.java,100.00,0.00,0.00,0.00,0.00,Logic,100.00
src/main/java/teammates/logic/external/LocalTaskQueueService.java,90.00,5.00,0.00,0.00,5.00,Logic,90.00
src/main/java/teammates/logic/external/GoogleRecaptchaService.java,95.00,5.00,0.00,0.00,0.00,Logic,95.00
src/main/java/teammates/logic/external/TaskQueueService.java,95.00,5.00,0.00,0.00,0.00,Logic,95.00
src/main/java/teammates/logic/external/FirebaseAuthService.java,90.00,5.00,0.00,0.00,5.00,Logic,90.00
src/main/java/teammates/logic/external/LocalLoggingService.java,90.00,5.00,0.00,0.00,5.00,Logic,90.00
src/main/java/teammates/logic/external/EmptyRecaptchaService.java,100.00,0.00,0.00,0.00,0.00,Logic,100.00
src/main/java/teammates/logic/external/package-info.java,95.00,1.00,1.00,1.00,2.00,Logic,95.00
src/main/java/teammates/ui/servlets/RequestTraceFilter.java,10.00,5.00,20.00,0.00,5.00,Common,20.00
src/main/java/teammates/ui/servlets/WebSecurityHeaderFilter.java,0.00,0.00,10.00,0.00,0.00,Common,10.00
src/main/java/teammates/ui/servlets/OAuth2CallbackServlet.java,10.00,0.00,5.00,0.00,0.00,Logic,10.00
src/main/java/teammates/ui/servlets/OriginCheckFilter.java,5.00,0.00,10.00,0.00,0.00,Common,10.00
src/main/java/teammates/ui/servlets/AuthServlet.java,20.00,0.00,0.00,0.00,0.00,Logic,20.00
src/main/java/teammates/ui/servlets/WebApiServlet.java,20.00,0.00,0.00,0.00,0.00,Logic,20.00
src/main/java/teammates/ui/servlets/LegacyUrlMapper.java,10.00,5.00,10.00,5.00,70.00,Client,70.00
src/main/java/teammates/ui/servlets/HealthCheckServlet.java,10.00,5.00,15.00,0.00,0.00,Common,15.00
src/main/java/teammates/ui/servlets/LoginServlet.java,5.00,0.00,10.00,0.00,0.00,Common,10.00
src/main/java/teammates/ui/servlets/DevServerLoginServlet.java,0.00,0.00,0.00,20.00,0.00,E2E,20.00
src/main/java/teammates/ui/servlets/WebPageServlet.java,10.00,5.00,5.00,0.00,0.00,Logic,10.00
src/main/java/teammates/ui/servlets/LogoutServlet.java,10.00,0.00,5.00,0.00,0.00,Logic,10.00
src/main/java/teammates/ui/servlets/package-info.java,0.00,0.00,0.00,0.00,0.00,Logic,0.00
src/main/java/teammates/ui/output/ApiOutput.java,10.00,5.00,80.00,0.00,5.00,Common,80.00
src/main/java/teammates/ui/output/FeedbackVisibilityType.java,0.00,0.00,100.00,0.00,0.00,Common,100.00
src/main/java/teammates/ui/output/AccountRequestData.java,0.00,0.00,80.00,0.00,0.00,Common,80.00
src/main/java/teammates/ui/output/FeedbackResponseCommentData.java,10.00,5.00,30.00,0.00,0.00,Common,30.00
src/main/java/teammates/ui/output/JoinStatus.java,10.00,0.00,30.00,0.00,0.00,Common,30.00
src/main/java/teammates/ui/output/SessionLinksRecoveryResponseData.java,0.00,0.00,80.00,0.00,20.00,Common,80.00
src/main/java/teammates/ui/output/FeedbackSessionLogData.java,0.00,0.00,20.00,0.00,0.00,Common,20.00
src/main/java/teammates/ui/output/CourseData.java,0.00,0.00,20.00,0.00,0.00,Common,20.00
src/main/java/teammates/ui/output/FeedbackSessionsData.java,10.00,5.00,30.00,0.00,5.00,Common,30.00
src/main/java/teammates/ui/output/CourseArchiveData.java,0.00,0.00,30.00,0.00,0.00,Common,30.00
src/main/java/teammates/ui/output/StudentData.java,10.00,5.00,80.00,0.00,5.00,Common,80.00
src/main/java/teammates/ui/output/FeedbackSessionSubmissionStatus.java,0.00,0.00,90.00,0.00,10.00,Common,90.00
src/main/java/teammates/ui/output/ReadNotificationsData.java,0.00,0.00,50.00,0.00,0.00,Common,50.00
src/main/java/teammates/ui/output/SessionResultsData.java,0.00,0.00,20.00,0.00,0.00,Common,20.00
src/main/java/teammates/ui/output/RegenerateKeyData.java,0.00,0.00,80.00,0.00,20.00,Common,80.00
src/main/java/teammates/ui/output/UsageStatisticsData.java,5.00,0.00,90.00,0.00,5.00,Common,90.00
src/main/java/teammates/ui/output/FeedbackResponsesData.java,10.00,5.00,30.00,0.00,0.00,Common,30.00
src/main/java/teammates/ui/output/InstructorPermissionRole.java,10.00,0.00,20.00,0.00,0.00,Common,20.00
src/main/java/teammates/ui/output/SessionVisibleSetting.java,0.00,0.00,90.00,0.00,10.00,Common,90.00
src/main/java/teammates/ui/output/AuthInfo.java,0.00,0.00,40.00,0.00,0.00,Common,40.00
src/main/java/teammates/ui/output/ActionClasses.java,5.00,0.00,15.00,0.00,0.00,Common,15.00
src/main/java/teammates/ui/output/NotificationData.java,10.00,5.00,30.00,0.00,0.00,Common,30.00
src/main/java/teammates/ui/output/GeneralLogsData.java,10.00,5.00,30.00,0.00,5.00,Common,30.00
src/main/java/teammates/ui/output/FeedbackSessionPublishStatus.java,10.00,5.00,80.00,0.00,5.00,Common,80.00
src/main/java/teammates/ui/output/InstructorData.java,0.00,0.00,90.00,0.00,5.00,Common,90.00
src/main/java/teammates/ui/output/OngoingSession.java,0.00,0.00,20.00,0.00,0.00,Common,20.00
src/main/java/teammates/ui/output/FeedbackResponseData.java,10.00,5.00,30.00,0.00,0.00,Common,30.00
src/main/java/teammates/ui/output/SendLoginEmailResponseData.java,0.00,0.00,80.00,0.00,0.00,Common,80.00
src/main/java/teammates/ui/output/FeedbackQuestionRecipientData.java,10.00,5.00,80.00,0.00,5.00,Common,80.00
src/main/java/teammates/ui/output/FeedbackSessionSubmittedGiverSet.java,0.00,0.00,60.00,0.00,0.00,Common,60.00
src/main/java/teammates/ui/output/HasResponsesData.java,0.00,0.00,80.00,0.00,0.00,Common,80.00
src/main/java/teammates/ui/output/AccountData.java,0.00,0.00,20.00,0.00,0.00,Common,20.00
src/main/java/teammates/ui/output/NotificationsData.java,0.00,0.00,90.00,5.00,5.00,Common,90.00
src/main/java/teammates/ui/output/FeedbackSessionLogsData.java,5.00,0.00,30.00,0.00,5.00,Common,30.00
src/main/java/teammates/ui/output/MessageOutput.java,10.00,0.00,50.00,0.00,0.00,Common,50.00
src/main/java/teammates/ui/output/AccountsData.java,10.00,5.00,30.00,0.00,0.00,Common,30.00
src/main/java/teammates/ui/output/InstructorPrivilegeData.java,0.00,0.00,40.00,0.00,0.00,Common,40.00
src/main/java/teammates/ui/output/JoinLinkData.java,0.00,0.00,80.00,5.00,0.00,Common,80.00
src/main/java/teammates/ui/output/NumberOfEntitiesToGiveFeedbackToSetting.java,0.00,0.00,20.00,0.00,0.00,Common,20.00
src/main/java/teammates/ui/output/StudentsData.java,0.00,0.00,20.00,0.00,0.00,Common,20.00
src/main/java/teammates/ui/output/CommentVisibilityType.java,0.00,0.00,90.00,0.00,0.00,Common,90.00
src/main/java/teammates/ui/output/AccountRequestsData.java,10.00,5.00,70.00,5.00,10.00,Common,70.00
src/main/java/teammates/ui/output/FeedbackQuestionData.java,10.00,5.00,20.00,0.00,0.00,Common,20.00
src/main/java/teammates/ui/output/CourseSectionNamesData.java,5.00,5.00,40.00,0.00,0.00,Common,40.00
src/main/java/teammates/ui/output/ResponseVisibleSetting.java,0.00,0.00,20.00,0.00,0.00,Common,20.00
src/main/java/teammates/ui/output/FeedbackQuestionsData.java,10.00,5.00,30.00,0.00,5.00,Common,30.00
src/main/java/teammates/ui/output/TimeZonesData.java,0.00,0.00,80.00,0.00,10.00,Common,80.00
src/main/java/teammates/ui/output/RegkeyValidityData.java,20.00,0.00,40.00,0.00,0.00,Common,40.00
src/main/java/teammates/ui/output/CoursesData.java,0.00,0.00,90.00,0.00,0.00,Common,90.00
src/main/java/teammates/ui/output/InstructorsData.java,10.00,5.00,40.00,0.00,5.00,Common,40.00
src/main/java/teammates/ui/output/OngoingSessionsData.java,0.00,0.00,30.00,0.00,0.00,Common,30.00
src/main/java/teammates/ui/output/UsageStatisticsRangeData.java,10.00,5.00,30.00,0.00,5.00,Common,30.00
src/main/java/teammates/ui/output/JoinState.java,0.00,0.00,80.00,0.00,0.00,Common,80.00
src/main/java/teammates/ui/output/FeedbackSessionData.java,10.00,5.00,30.00,0.00,0.00,Common,30.00
src/main/java/teammates/ui/output/FeedbackSessionStatsData.java,10.00,5.00,80.00,0.00,5.00,Common,80.00
src/main/java/teammates/ui/output/EnrollStudentsData.java,5.00,5.00,85.00,0.00,5.00,Common,85.00
src/main/java/teammates/ui/output/EmailData.java,0.00,0.00,30.00,0.00,0.00,Common,30.00
src/main/java/teammates/ui/output/FeedbackQuestionRecipientsData.java,0.00,0.00,80.00,0.00,0.00,Common,80.00
src/main/java/teammates/ui/output/FeedbackSessionLogEntryData.java,10.00,0.00,40.00,0.00,0.00,Common,40.00
src/main/java/teammates/ui/output/DeadlineExtensionData.java,5.00,1.00,90.00,1.00,3.00,Common,90.00
src/main/java/teammates/ui/output/package-info.java,0.00,0.00,10.00,0.00,0.00,Common,10.00
src/main/java/teammates/ui/request/Intent.java,20.00,0.00,30.00,0.00,0.00,Common,30.00
src/main/java/teammates/ui/request/FeedbackSessionUpdateRequest.java,10.00,5.00,80.00,0.00,5.00,Common,80.00
src/main/java/teammates/ui/request/CourseArchiveRequest.java,30.00,5.00,80.00,0.00,10.00,Common,80.00
src/main/java/teammates/ui/request/FeedbackSessionCreateRequest.java,0.00,0.00,80.00,5.00,15.00,Common,80.00
src/main/java/teammates/ui/request/FeedbackQuestionCreateRequest.java,10.00,0.00,30.00,0.00,0.00,Common,30.00
src/main/java/teammates/ui/request/CourseUpdateRequest.java,0.00,0.00,30.00,0.00,70.00,Client,70.00
src/main/java/teammates/ui/request/CourseCreateRequest.java,0.00,0.00,90.00,0.00,10.00,Common,90.00
src/main/java/teammates/ui/request/ErrorReportRequest.java,20.00,10.00,70.00,0.00,0.00,Common,70.00
src/main/java/teammates/ui/request/AccountCreateRequest.java,20.00,0.00,70.00,0.00,10.00,Common,70.00
src/main/java/teammates/ui/request/NotificationBasicRequest.java,20.00,5.00,70.00,0.00,5.00,Common,70.00
src/main/java/teammates/ui/request/FeedbackResponsesRequest.java,20.00,5.00,70.00,0.00,5.00,Common,70.00
src/main/java/teammates/ui/request/SendEmailRequest.java,0.00,0.00,100.00,0.00,0.00,Common,100.00
src/main/java/teammates/ui/request/CourseBasicRequest.java,20.00,5.00,70.00,0.00,5.00,Common,70.00
src/main/java/teammates/ui/request/InstructorPrivilegeUpdateRequest.java,30.00,5.00,50.00,0.00,0.00,Common,50.00
src/main/java/teammates/ui/request/InvalidHttpRequestBodyException.java,10.00,5.00,70.00,5.00,10.00,Common,70.00
src/main/java/teammates/ui/request/StudentsEnrollRequest.java,50.00,10.00,20.00,0.00,0.00,Logic,50.00
src/main/java/teammates/ui/request/FeedbackResponseCommentBasicRequest.java,60.00,10.00,80.00,5.00,5.00,Common,80.00
src/main/java/teammates/ui/request/FeedbackQuestionBasicRequest.java,30.00,5.00,85.00,0.00,0.00,Common,85.00
src/main/java/teammates/ui/request/FeedbackSessionRespondentRemindRequest.java,20.00,5.00,70.00,0.00,5.00,Common,70.00
src/main/java/teammates/ui/request/NotificationUpdateRequest.java,0.00,0.00,90.00,0.00,10.00,Common,90.00
src/main/java/teammates/ui/request/FeedbackSessionRemindRequest.java,0.00,0.00,80.00,0.00,0.00,Common,80.00
src/main/java/teammates/ui/request/NotificationCreateRequest.java,10.00,5.00,65.00,0.00,20.00,Common,65.00
src/main/java/teammates/ui/request/FeedbackResponseCommentUpdateRequest.java,10.00,5.00,80.00,0.00,5.00,Common,80.00
src/main/java/teammates/ui/request/FeedbackQuestionUpdateRequest.java,10.00,0.00,60.00,0.00,0.00,Common,60.00
src/main/java/teammates/ui/request/FeedbackSessionBasicRequest.java,10.00,5.00,60.00,0.00,0.00,Common,60.00
src/main/java/teammates/ui/request/StudentUpdateRequest.java,20.00,5.00,70.00,0.00,5.00,Common,70.00
src/main/java/teammates/ui/request/FeedbackResponseCommentCreateRequest.java,0.00,0.00,60.00,0.00,0.00,Common,60.00
src/main/java/teammates/ui/request/InstructorCreateRequest.java,20.00,10.00,70.00,0.00,0.00,Common,70.00
src/main/java/teammates/ui/request/BasicRequest.java,30.00,10.00,70.00,5.00,5.00,Common,70.00
src/main/java/teammates/ui/request/MarkNotificationAsReadRequest.java,0.00,0.00,95.00,0.00,5.00,Common,95.00
src/main/java/teammates/ui/request/package-info.java,0.00,0.00,30.00,5.00,5.00,Common,30.00
src/main/java/teammates/ui/webapi/InvalidOperationException.java,10.00,10.00,90.00,0.00,0.00,Common,90.00
src/main/java/teammates/ui/webapi/CreateNotificationAction.java,20.00,5.00,10.00,0.00,15.00,Logic,20.00
src/main/java/teammates/ui/webapi/CreateFeedbackResponseCommentAction.java,50.00,0.00,0.00,0.00,0.00,Logic,50.00
src/main/java/teammates/ui/webapi/ResetAccountAction.java,10.00,0.00,0.00,0.00,5.00,Logic,10.00
src/main/java/teammates/ui/webapi/RestoreFeedbackSessionAction.java,70.00,5.00,0.00,0.00,0.00,Logic,70.00
src/main/java/teammates/ui/webapi/GetFeedbackSessionLogsAction.java,0.00,0.00,5.00,0.00,0.00,Common,5.00
src/main/java/teammates/ui/webapi/RegenerateStudentKeyAction.java,20.00,5.00,0.00,0.00,10.00,Logic,20.00
src/main/java/teammates/ui/webapi/CreateAccountAction.java,60.00,5.00,10.00,0.00,5.00,Logic,60.00
src/main/java/teammates/ui/webapi/CreateFeedbackQuestionAction.java,0.00,0.00,0.00,0.00,0.00,Logic,0.00
src/main/java/teammates/ui/webapi/GetHasResponsesAction.java,20.00,5.00,0.00,0.00,0.00,Logic,20.00
src/main/java/teammates/ui/webapi/UpdateFeedbackSessionAction.java,10.00,0.00,0.00,0.00,0.00,Logic,10.00
src/main/java/teammates/ui/webapi/FeedbackSessionOpeningRemindersAction.java,30.00,0.00,0.00,0.00,0.00,Logic,30.00
src/main/java/teammates/ui/webapi/GetCoursesAction.java,80.00,10.00,0.00,0.00,10.00,Logic,80.00
src/main/java/teammates/ui/webapi/FeedbackSessionOpeningSoonRemindersAction.java,0.00,0.00,5.00,0.00,0.00,Common,5.00
src/main/java/teammates/ui/webapi/DeleteStudentsAction.java,70.00,5.00,10.00,0.00,5.00,Logic,70.00
src/main/java/teammates/ui/webapi/RestoreCourseAction.java,90.00,5.00,0.00,0.00,5.00,Logic,90.00
src/main/java/teammates/ui/webapi/AuthType.java,20.00,5.00,70.00,5.00,0.00,Common,70.00
src/main/java/teammates/ui/webapi/StudentSearchIndexingWorkerAction.java,70.00,10.00,5.00,0.00,15.00,Logic,70.00
src/main/java/teammates/ui/webapi/UpdateNotificationAction.java,20.00,5.00,0.00,0.00,10.00,Logic,20.00
src/main/java/teammates/ui/webapi/GetCourseAction.java,70.00,5.00,0.00,0.00,0.00,Logic,70.00
src/main/java/teammates/ui/webapi/GetStudentsAction.java,10.00,0.00,5.00,0.00,0.00,Logic,10.00
src/main/java/teammates/ui/webapi/SearchStudentsAction.java,20.00,0.00,0.00,0.00,0.00,Logic,20.00
src/main/java/teammates/ui/webapi/DeleteAccountRequestAction.java,20.00,5.00,10.00,0.00,15.00,Logic,20.00
src/main/java/teammates/ui/webapi/GetAccountsAction.java,0.00,0.00,5.00,0.00,95.00,Client,95.00
src/main/java/teammates/ui/webapi/GetNotificationsAction.java,20.00,5.00,10.00,0.00,0.00,Logic,20.00
src/main/java/teammates/ui/webapi/GetActionClassesAction.java,40.00,0.00,0.00,0.00,0.00,Logic,40.00
src/main/java/teammates/ui/webapi/DeleteDataBundleAction.java,20.00,5.00,0.00,0.00,5.00,Logic,20.00
src/main/java/teammates/ui/webapi/SessionLinksRecoveryAction.java,20.00,0.00,0.00,0.00,0.00,Logic,20.00
src/main/java/teammates/ui/webapi/GetCourseSectionNamesAction.java,10.00,0.00,5.00,0.00,0.00,Logic,10.00
src/main/java/teammates/ui/webapi/CompileLogsAction.java,10.00,0.00,0.00,0.00,30.00,Client,30.00
src/main/java/teammates/ui/webapi/PutDataBundleAction.java,20.00,0.00,5.00,0.00,0.00,Logic,20.00
src/main/java/teammates/ui/webapi/SubmitFeedbackResponsesAction.java,30.00,0.00,10.00,0.00,0.00,Logic,30.00
src/main/java/teammates/ui/webapi/DatastoreBackupAction.java,10.00,20.00,5.00,0.00,65.00,Client,65.00
src/main/java/teammates/ui/webapi/PublishFeedbackSessionAction.java,20.00,0.00,10.00,0.00,0.00,Logic,20.00
src/main/java/teammates/ui/webapi/CreateAccountRequestAction.java,20.00,0.00,0.00,0.00,0.00,Logic,20.00
src/main/java/teammates/ui/webapi/GetFeedbackResponseCommentAction.java,80.00,0.00,0.00,0.00,20.00,Logic,80.00
src/main/java/teammates/ui/webapi/GetInstructorPrivilegeAction.java,60.00,0.00,10.00,0.00,0.00,Logic,60.00
src/main/java/teammates/ui/webapi/GetUserCookieAction.java,0.00,0.00,0.00,0.00,0.00,Logic,0.00
src/main/java/teammates/ui/webapi/BasicCommentSubmissionAction.java,0.00,0.00,0.00,0.00,0.00,Logic,0.00
src/main/java/teammates/ui/webapi/UpdateInstructorPrivilegeAction.java,80.00,5.00,0.00,0.00,15.00,Logic,80.00
src/main/java/teammates/ui/webapi/BasicFeedbackSubmissionAction.java,90.00,5.00,0.00,0.00,5.00,Logic,90.00
src/main/java/teammates/ui/webapi/SearchAccountRequestsAction.java,10.00,0.00,0.00,0.00,0.00,Logic,10.00
src/main/java/teammates/ui/webapi/ActionFactory.java,30.00,0.00,10.00,0.00,0.00,Logic,30.00
src/main/java/teammates/ui/webapi/AccountRequestSearchIndexingWorkerAction.java,30.00,10.00,5.00,0.00,55.00,Client,55.00
src/main/java/teammates/ui/webapi/StudentCourseJoinEmailWorkerAction.java,0.00,0.00,0.00,0.00,0.00,Logic,0.00
src/main/java/teammates/ui/webapi/JoinCourseAction.java,80.00,5.00,0.00,0.00,0.00,Logic,80.00
src/main/java/teammates/ui/webapi/DeleteInstructorAction.java,40.00,5.00,10.00,0.00,5.00,Logic,40.00
src/main/java/teammates/ui/webapi/SendLoginEmailAction.java,20.00,0.00,0.00,0.00,0.00,Logic,20.00
src/main/java/teammates/ui/webapi/SearchInstructorsAction.java,20.00,0.00,0.00,0.00,10.00,Logic,20.00
src/main/java/teammates/ui/webapi/UpdateCourseAction.java,40.00,0.00,0.00,0.00,0.00,Logic,40.00
src/main/java/teammates/ui/webapi/EnrollStudentsAction.java,20.00,0.00,5.00,0.00,0.00,Logic,20.00
src/main/java/teammates/ui/webapi/RemindFeedbackSessionResultAction.java,20.00,5.00,10.00,0.00,0.00,Logic,20.00
src/main/java/teammates/ui/webapi/GetRegkeyValidityAction.java,30.00,0.00,10.00,0.00,0.00,Logic,30.00
src/main/java/teammates/ui/webapi/BinFeedbackSessionAction.java,70.00,5.00,5.00,0.00,0.00,Logic,70.00
src/main/java/teammates/ui/webapi/GetFeedbackSessionAction.java,10.00,0.00,0.00,0.00,0.00,Logic,10.00
src/main/java/teammates/ui/webapi/DeleteAccountAction.java,10.00,5.00,0.00,0.00,5.00,Logic,10.00
src/main/java/teammates/ui/webapi/ActionResult.java,5.00,0.00,15.00,0.00,0.00,Common,15.00
src/main/java/teammates/ui/webapi/FeedbackSessionUnpublishedEmailWorkerAction.java,70.00,10.00,5.00,5.00,10.00,Logic,70.00
src/main/java/teammates/ui/webapi/GetCourseJoinStatusAction.java,70.00,5.00,10.00,0.00,0.00,Logic,70.00
src/main/java/teammates/ui/webapi/UnauthorizedAccessException.java,20.00,10.00,70.00,0.00,0.00,Common,70.00
src/main/java/teammates/ui/webapi/DeleteCourseAction.java,20.00,5.00,0.00,0.00,0.00,Logic,20.00
src/main/java/teammates/ui/webapi/CreateCourseAction.java,20.00,0.00,5.00,0.00,0.00,Logic,20.00
src/main/java/teammates/ui/webapi/UnpublishFeedbackSessionAction.java,85.00,0.00,5.00,0.00,0.00,Logic,85.00
src/main/java/teammates/ui/webapi/AdminOnlyAction.java,20.00,0.00,5.00,0.00,10.00,Logic,20.00
src/main/java/teammates/ui/webapi/GetSessionResultsAction.java,10.00,0.00,0.00,0.00,0.00,Logic,10.00
src/main/java/teammates/ui/webapi/Action.java,20.00,0.00,10.00,0.00,0.00,Logic,20.00
src/main/java/teammates/ui/webapi/FeedbackSessionResendPublishedEmailWorkerAction.java,10.00,0.00,0.00,0.00,50.00,Client,50.00
src/main/java/teammates/ui/webapi/GetFeedbackResponsesAction.java,70.00,0.00,0.00,0.00,0.00,Logic,70.00
src/main/java/teammates/ui/webapi/GetNotificationAction.java,10.00,0.00,5.00,0.00,0.00,Logic,10.00
src/main/java/teammates/ui/webapi/GetReadNotificationsAction.java,20.00,0.00,0.00,0.00,0.00,Logic,20.00
src/main/java/teammates/ui/webapi/GetFeedbackQuestionsAction.java,30.00,0.00,0.00,0.00,0.00,Logic,30.00
src/main/java/teammates/ui/webapi/GateKeeper.java,90.00,5.00,10.00,0.00,0.00,Logic,90.00
src/main/java/teammates/ui/webapi/GetAccountRequestAction.java,20.00,0.00,0.00,0.00,0.00,Logic,20.00
src/main/java/teammates/ui/webapi/InvalidHttpParameterException.java,10.00,5.00,70.00,0.00,15.00,Common,70.00
src/main/java/teammates/ui/webapi/FeedbackSessionPublishedEmailWorkerAction.java,20.00,0.00,0.00,0.00,0.00,Logic,20.00
src/main/java/teammates/ui/webapi/UpdateStudentAction.java,80.00,5.00,0.00,0.00,15.00,Logic,80.00
src/main/java/teammates/ui/webapi/ResetAccountRequestAction.java,10.00,0.00,0.00,0.00,20.00,Client,20.00
src/main/java/teammates/ui/webapi/DeleteNotificationAction.java,10.00,0.00,0.00,0.00,5.00,Logic,10.00
src/main/java/teammates/ui/webapi/SendErrorReportAction.java,20.00,0.00,0.00,0.00,0.00,Logic,20.00
src/main/java/teammates/ui/webapi/GetAccountAction.java,20.00,5.00,0.00,0.00,30.00,Client,30.00
src/main/java/teammates/ui/webapi/FeedbackSessionClosingRemindersAction.java,30.00,5.00,10.00,0.00,55.00,Client,55.00
src/main/java/teammates/ui/webapi/GetFeedbackQuestionRecipientsAction.java,70.00,5.00,0.00,0.00,0.00,Logic,70.00
src/main/java/teammates/ui/webapi/PutDataBundleDocumentsAction.java,60.00,5.00,5.00,0.00,0.00,Logic,60.00
src/main/java/teammates/ui/webapi/CreateFeedbackSessionLogAction.java,70.00,0.00,0.00,0.00,0.00,Logic,70.00
src/main/java/teammates/ui/webapi/RegenerateInstructorKeyAction.java,20.00,0.00,0.00,0.00,10.00,Logic,20.00
src/main/java/teammates/ui/webapi/GetStudentAction.java,10.00,0.00,5.00,0.00,0.00,Logic,10.00
src/main/java/teammates/ui/webapi/GenerateEmailAction.java,20.00,0.00,0.00,0.00,80.00,Client,80.00
src/main/java/teammates/ui/webapi/GetOngoingSessionsAction.java,0.00,0.00,0.00,0.00,100.00,Client,100.00
src/main/java/teammates/ui/webapi/QueryLogsAction.java,10.00,1.00,5.00,0.00,4.00,Logic,10.00
src/main/java/teammates/ui/webapi/FeedbackSessionRemindEmailWorkerAction.java,20.00,5.00,0.00,0.00,10.00,Logic,20.00
src/main/java/teammates/ui/webapi/FeedbackSessionPublishedRemindersAction.java,10.00,5.00,5.00,0.00,0.00,Logic,10.00
src/main/java/teammates/ui/webapi/ActionMappingException.java,10.00,5.00,40.00,0.00,5.00,Common,40.00
src/main/java/teammates/ui/webapi/GetAuthInfoAction.java,70.00,5.00,5.00,0.00,0.00,Logic,70.00
src/main/java/teammates/ui/webapi/ArchiveCourseAction.java,65.00,5.00,0.00,0.00,0.00,Logic,65.00
src/main/java/teammates/ui/webapi/UpdateFeedbackQuestionAction.java,60.00,5.00,0.00,0.00,0.00,Logic,60.00
src/main/java/teammates/ui/webapi/EntityNotFoundException.java,20.00,10.00,80.00,5.00,5.00,Common,80.00
src/main/java/teammates/ui/webapi/GetFeedbackSessionsAction.java,70.00,5.00,0.00,0.00,0.00,Logic,70.00
src/main/java/teammates/ui/webapi/DeleteStudentAction.java,60.00,5.00,10.00,0.00,0.00,Logic,60.00
src/main/java/teammates/ui/webapi/SendEmailWorkerAction.java,20.00,5.00,0.00,0.00,10.00,Logic,20.00
src/main/java/teammates/ui/webapi/CreateFeedbackSessionAction.java,0.00,0.00,0.00,0.00,0.00,Logic,0.00
src/main/java/teammates/ui/webapi/GetDeadlineExtensionAction.java,10.00,0.00,0.00,0.00,0.00,Logic,10.00
src/main/java/teammates/ui/webapi/InstructorCourseJoinEmailWorkerAction.java,30.00,5.00,10.00,0.00,0.00,Logic,30.00
src/main/java/teammates/ui/webapi/CalculateUsageStatisticsAction.java,10.00,5.00,0.00,0.00,85.00,Client,85.00
src/main/java/teammates/ui/webapi/GetFeedbackSessionSubmittedGiverSetAction.java,30.00,0.00,10.00,0.00,0.00,Logic,30.00
src/main/java/teammates/ui/webapi/GetInstructorAction.java,20.00,0.00,5.00,0.00,0.00,Logic,20.00
src/main/java/teammates/ui/webapi/DeleteFeedbackSessionAction.java,20.00,0.00,0.00,0.00,0.00,Logic,20.00
src/main/java/teammates/ui/webapi/DeleteFeedbackResponseCommentAction.java,20.00,0.00,10.00,0.00,0.00,Logic,20.00
src/main/java/teammates/ui/webapi/AdminExceptionTestAction.java,10.00,0.00,5.00,30.00,55.00,Client,55.00
src/main/java/teammates/ui/webapi/JsonResult.java,10.00,0.00,80.00,0.00,10.00,Common,80.00
src/main/java/teammates/ui/webapi/UpdateInstructorAction.java,20.00,5.00,0.00,0.00,0.00,Logic,20.00
src/main/java/teammates/ui/webapi/RemindFeedbackSessionSubmissionAction.java,75.00,0.00,25.00,0.00,0.00,Logic,75.00
src/main/java/teammates/ui/webapi/MarkNotificationAsReadAction.java,0.00,0.00,0.00,0.00,10.00,Client,10.00
src/main/java/teammates/ui/webapi/GetSessionResponseStatsAction.java,0.00,0.00,0.00,0.00,15.00,Client,15.00
src/main/java/teammates/ui/webapi/InstructorSearchIndexingWorkerAction.java,20.00,5.00,0.00,0.00,10.00,Logic,20.00
src/main/java/teammates/ui/webapi/FeedbackSessionClosedRemindersAction.java,10.00,0.00,5.00,0.00,15.00,Client,15.00
src/main/java/teammates/ui/webapi/DeleteFeedbackQuestionAction.java,40.00,0.00,0.00,0.00,0.00,Logic,40.00
src/main/java/teammates/ui/webapi/GetTimeZonesAction.java,10.00,0.00,0.00,0.00,0.00,Logic,10.00
src/main/java/teammates/ui/webapi/GetInstructorsAction.java,20.00,0.00,0.00,0.00,0.00,Logic,20.00
src/main/java/teammates/ui/webapi/SendJoinReminderEmailAction.java,80.00,5.00,0.00,0.00,15.00,Logic,80.00
src/main/java/teammates/ui/webapi/UpdateFeedbackResponseCommentAction.java,10.00,0.00,5.00,0.00,0.00,Logic,10.00
src/main/java/teammates/ui/webapi/BinCourseAction.java,0.00,0.00,0.00,0.00,0.00,Logic,0.00
src/main/java/teammates/ui/webapi/GetUsageStatisticsAction.java,30.00,0.00,10.00,0.00,50.00,Client,50.00
src/main/java/teammates/ui/webapi/CreateInstructorAction.java,80.00,0.00,0.00,0.00,0.00,Logic,80.00
src/main/java/teammates/ui/webapi/FeedbackSessionRemindParticularUsersEmailWorkerAction.java,10.00,0.00,0.00,0.00,5.00,Logic,10.00
src/main/java/teammates/ui/webapi/package-info.java,0.00,0.00,5.00,0.00,0.00,Common,5.00
src/main/java/teammates/ui/constants/DefaultInstructorPermissions.java,5.00,0.00,85.00,0.00,10.00,Common,85.00
src/main/java/teammates/ui/constants/QuestionTypeStructures.java,0.00,0.00,95.00,0.00,0.00,Common,95.00
src/main/java/teammates/ui/constants/ResourceEndpoints.java,0.00,0.00,90.00,0.00,10.00,Common,90.00
src/main/java/teammates/ui/constants/ApiConst.java,10.00,10.00,80.00,0.00,0.00,Common,80.00
src/main/java/teammates/ui/constants/package-info.java,0.00,0.00,50.00,0.00,0.00,Common,50.00
src/main/java/teammates/common/datatransfer/questions/FeedbackQuestionType.java,0.00,0.00,100.00,0.00,0.00,Common,100.00
src/main/java/teammates/common/datatransfer/questions/FeedbackRankOptionsQuestionDetails.java,10.00,5.00,95.00,0.00,0.00,Common,95.00
src/main/java/teammates/common/datatransfer/questions/FeedbackMsqQuestionDetails.java,10.00,5.00,85.00,0.00,0.00,Common,85.00
src/main/java/teammates/common/datatransfer/questions/FeedbackQuestionDetails.java,30.00,10.00,90.00,0.00,0.00,Common,90.00
src/main/java/teammates/common/datatransfer/questions/FeedbackNumericalScaleQuestionDetails.java,10.00,5.00,95.00,0.00,0.00,Common,95.00
src/main/java/teammates/common/datatransfer/questions/FeedbackTextQuestionDetails.java,5.00,0.00,100.00,0.00,0.00,Common,100.00
src/main/java/teammates/common/datatransfer/questions/FeedbackTextResponseDetails.java,0.00,0.00,100.00,0.00,0.00,Common,100.00
src/main/java/teammates/common/datatransfer/questions/FeedbackRankRecipientsResponseDetails.java,0.00,0.00,95.00,0.00,5.00,Common,95.00
src/main/java/teammates/common/datatransfer/questions/FeedbackConstantSumDistributePointsType.java,0.00,0.00,100.00,0.00,0.00,Common,100.00
src/main/java/teammates/common/datatransfer/questions/FeedbackRubricQuestionDetails.java,10.00,5.00,95.00,0.00,0.00,Common,95.00
src/main/java/teammates/common/datatransfer/questions/FeedbackRankRecipientsQuestionDetails.java,0.00,0.00,100.00,0.00,0.00,Common,100.00
src/main/java/teammates/common/datatransfer/questions/FeedbackRubricResponseDetails.java,0.00,0.00,95.00,0.00,5.00,Common,95.00
src/main/java/teammates/common/datatransfer/questions/FeedbackMcqQuestionDetails.java,0.00,0.00,100.00,0.00,0.00,Common,100.00
src/main/java/teammates/common/datatransfer/questions/FeedbackRankOptionsResponseDetails.java,5.00,5.00,85.00,0.00,5.00,Common,85.00
src/main/java/teammates/common/datatransfer/questions/FeedbackConstantSumQuestionDetails.java,10.00,5.00,80.00,0.00,5.00,Common,80.00
src/main/java/teammates/common/datatransfer/questions/FeedbackNumericalScaleResponseDetails.java,0.00,0.00,100.00,0.00,0.00,Common,100.00
src/main/java/teammates/common/datatransfer/questions/FeedbackContributionQuestionDetails.java,0.00,0.00,100.00,0.00,0.00,Common,100.00
src/main/java/teammates/common/datatransfer/questions/FeedbackResponseDetails.java,0.00,0.00,100.00,0.00,0.00,Common,100.00
src/main/java/teammates/common/datatransfer/questions/FeedbackContributionResponseDetails.java,10.00,5.00,95.00,0.00,0.00,Common,95.00
src/main/java/teammates/common/datatransfer/questions/FeedbackConstantSumResponseDetails.java,0.00,0.00,100.00,0.00,0.00,Common,100.00
src/main/java/teammates/common/datatransfer/questions/FeedbackMsqResponseDetails.java,10.00,5.00,95.00,0.00,0.00,Common,95.00
src/main/java/teammates/common/datatransfer/questions/FeedbackMcqResponseDetails.java,0.00,0.00,100.00,0.00,0.00,Common,100.00
src/main/java/teammates/common/datatransfer/questions/FeedbackRankQuestionDetails.java,0.00,0.00,100.00,0.00,0.00,Common,100.00
src/main/java/teammates/common/datatransfer/questions/package-info.java,10.00,5.00,90.00,0.00,0.00,Common,90.00
src/main/java/teammates/common/datatransfer/logs/DefaultLogDetails.java,10.00,5.00,80.00,0.00,5.00,Common,80.00
src/main/java/teammates/common/datatransfer/logs/RequestLogUser.java,0.00,0.00,100.00,0.00,0.00,Common,100.00
src/main/java/teammates/common/datatransfer/logs/LogDetails.java,2.00,1.00,95.00,1.00,1.00,Common,95.00
src/main/java/teammates/common/datatransfer/logs/LogSeverity.java,0.00,0.00,100.00,0.00,0.00,Common,100.00
src/main/java/teammates/common/datatransfer/logs/GeneralLogEntry.java,5.00,0.00,95.00,0.00,0.00,Common,95.00
src/main/java/teammates/common/datatransfer/logs/FeedbackSessionAuditLogDetails.java,10.00,5.00,90.00,0.00,5.00,Common,90.00
src/main/java/teammates/common/datatransfer/logs/QueryLogsParams.java,0.00,0.00,95.00,5.00,0.00,Common,95.00
src/main/java/teammates/common/datatransfer/logs/ExceptionLogDetails.java,0.00,0.00,100.00,0.00,0.00,Common,100.00
src/main/java/teammates/common/datatransfer/logs/InstanceLogDetails.java,10.00,5.00,90.00,0.00,0.00,Common,90.00
src/main/java/teammates/common/datatransfer/logs/RequestLogDetails.java,5.00,5.00,85.00,0.00,5.00,Common,85.00
src/main/java/teammates/common/datatransfer/logs/SourceLocation.java,0.00,0.00,100.00,0.00,0.00,Common,100.00
src/main/java/teammates/common/datatransfer/logs/EmailSentLogDetails.java,5.00,5.00,90.00,0.00,0.00,Common,90.00
src/main/java/teammates/common/datatransfer/logs/LogEvent.java,10.00,5.00,85.00,0.00,0.00,Common,85.00
src/main/java/teammates/common/datatransfer/logs/FeedbackSessionLogType.java,5.00,0.00,95.00,0.00,0.00,Common,95.00
src/main/java/teammates/common/datatransfer/logs/package-info.java,1.00,1.00,95.00,1.00,2.00,Common,95.00
src/main/java/teammates/common/datatransfer/attributes/AccountRequestAttributes.java,5.00,10.00,85.00,0.00,0.00,Common,85.00
src/main/java/teammates/common/datatransfer/attributes/FeedbackSessionAttributes.java,0.00,5.00,90.00,0.00,5.00,Common,90.00
src/main/java/teammates/common/datatransfer/attributes/DeadlineExtensionAttributes.java,0.00,10.00,85.00,0.00,5.00,Common,85.00
src/main/java/teammates/common/datatransfer/attributes/FeedbackResponseAttributes.java,10.00,15.00,95.00,0.00,0.00,Common,95.00
src/main/java/teammates/common/datatransfer/attributes/StudentAttributes.java,10.00,15.00,90.00,0.00,5.00,Common,90.00
src/main/java/teammates/common/datatransfer/attributes/FeedbackQuestionAttributes.java,0.00,0.00,100.00,0.00,0.00,Common,100.00
src/main/java/teammates/common/datatransfer/attributes/CourseAttributes.java,10.00,20.00,90.00,0.00,0.00,Common,90.00
src/main/java/teammates/common/datatransfer/attributes/InstructorAttributes.java,0.00,0.00,100.00,0.00,0.00,Common,100.00
src/main/java/teammates/common/datatransfer/attributes/UsageStatisticsAttributes.java,10.00,20.00,90.00,0.00,0.00,Common,90.00
src/main/java/teammates/common/datatransfer/attributes/FeedbackResponseCommentAttributes.java,5.00,15.00,75.00,0.00,5.00,Common,75.00
src/main/java/teammates/common/datatransfer/attributes/AccountAttributes.java,5.00,15.00,90.00,0.00,0.00,Common,90.00
src/main/java/teammates/common/datatransfer/attributes/NotificationAttributes.java,10.00,15.00,95.00,0.00,0.00,Common,95.00
src/main/java/teammates/common/datatransfer/attributes/EntityAttributes.java,20.00,15.00,90.00,0.00,0.00,Common,90.00
src/main/java/teammates/common/datatransfer/attributes/package-info.java,0.00,0.00,100.00,0.00,0.00,Common,100.00
src/main/java/teammates/common/datatransfer/FeedbackQuestionRecipient.java,10.00,5.00,95.00,0.00,0.00,Common,95.00
src/main/java/teammates/common/datatransfer/TeamEvalResult.java,3.00,1.00,95.00,0.00,1.00,Common,95.00
src/main/java/teammates/common/datatransfer/QueryLogsResults.java,10.00,5.00,95.00,0.00,0.00,Common,95.00
src/main/java/teammates/common/datatransfer/NotificationTargetUser.java,10.00,5.00,95.00,0.00,0.00,Common,95.00
src/main/java/teammates/common/datatransfer/InstructorPermissionSet.java,10.00,5.00,90.00,0.00,0.00,Common,90.00
src/main/java/teammates/common/datatransfer/CourseRoster.java,0.00,0.00,100.00,0.00,0.00,Common,100.00
src/main/java/teammates/common/datatransfer/UserInfoCookie.java,10.00,5.00,85.00,0.00,0.00,Common,85.00
src/main/java/teammates/common/datatransfer/AttributesDeletionQuery.java,10.00,5.00,95.00,0.00,0.00,Common,95.00
src/main/java/teammates/common/datatransfer/UserInfo.java,5.00,5.00,90.00,0.00,0.00,Common,90.00
src/main/java/teammates/common/datatransfer/InstructorPrivileges.java,10.00,5.00,80.00,0.00,5.00,Common,80.00
src/main/java/teammates/common/datatransfer/FeedbackResultFetchType.java,0.00,0.00,95.00,0.00,5.00,Common,95.00
src/main/java/teammates/common/datatransfer/InstructorPrivilegesLegacy.java,10.00,0.00,90.00,0.00,0.00,Common,90.00
src/main/java/teammates/common/datatransfer/NotificationStyle.java,0.00,0.00,100.00,0.00,0.00,Common,100.00
src/main/java/teammates/common/datatransfer/ErrorLogEntry.java,0.00,5.00,90.00,0.00,5.00,Common,90.00
src/main/java/teammates/common/datatransfer/DataBundle.java,5.00,5.00,90.00,0.00,0.00,Common,90.00
src/main/java/teammates/common/datatransfer/FeedbackParticipantType.java,0.00,0.00,95.00,0.00,5.00,Common,95.00
src/main/java/teammates/common/datatransfer/SessionResultsBundle.java,0.00,0.00,0.00,0.00,0.00,Logic,0.00
src/main/java/teammates/common/datatransfer/FeedbackSessionLogEntry.java,0.00,0.00,100.00,0.00,0.00,Common,100.00
src/main/java/teammates/common/datatransfer/package-info.java,0.00,0.00,100.00,0.00,0.00,Common,100.00
src/main/java/teammates/common/exception/HttpRequestFailedException.java,10.00,5.00,95.00,0.00,0.00,Common,95.00
src/main/java/teammates/common/exception/EntityAlreadyExistsException.java,10.00,5.00,95.00,0.00,0.00,Common,95.00
src/main/java/teammates/common/exception/AuthException.java,10.00,5.00,90.00,0.00,10.00,Common,90.00
src/main/java/teammates/common/exception/InvalidParametersException.java,20.00,10.00,95.00,5.00,5.00,Common,95.00
src/main/java/teammates/common/exception/EntityDoesNotExistException.java,5.00,10.00,95.00,0.00,0.00,Common,95.00
src/main/java/teammates/common/exception/DeadlineExceededException.java,10.00,15.00,95.00,5.00,5.00,Common,95.00
src/main/java/teammates/common/exception/EnrollException.java,0.00,0.00,100.00,0.00,0.00,Common,100.00
src/main/java/teammates/common/exception/InstructorUpdateException.java,10.00,5.00,95.00,0.00,0.00,Common,95.00
src/main/java/teammates/common/exception/EmailSendingException.java,0.00,0.00,100.00,0.00,0.00,Common,100.00
src/main/java/teammates/common/exception/SearchServiceException.java,3.00,2.00,95.00,0.00,0.00,Common,95.00
src/main/java/teammates/common/exception/package-info.java,10.00,5.00,95.00,0.00,0.00,Common,95.00
src/main/java/teammates/common/util/TaskWrapper.java,10.00,5.00,95.00,0.00,0.00,Common,95.00
src/main/java/teammates/common/util/Url.java,2.00,1.00,95.00,1.00,1.00,Common,95.00
src/main/java/teammates/common/util/FieldValidator.java,20.00,10.00,95.00,1.00,5.00,Common,95.00
src/main/java/teammates/common/util/EmailSendingStatus.java,10.00,5.00,80.00,0.00,5.00,Common,80.00
src/main/java/teammates/common/util/StdOutConsoleHandler.java,0.00,0.00,95.00,5.00,0.00,Common,95.00
src/main/java/teammates/common/util/Templates.java,0.00,0.00,100.00,0.00,0.00,Common,100.00
src/main/java/teammates/common/util/TimeHelper.java,0.00,0.00,100.00,0.00,0.00,Common,100.00
src/main/java/teammates/common/util/JsonUtils.java,10.00,15.00,95.00,5.00,5.00,Common,95.00
src/main/java/teammates/common/util/Config.java,0.00,0.00,100.00,0.00,0.00,Common,100.00
src/main/java/teammates/common/util/Logger.java,0.00,0.00,100.00,0.00,0.00,Common,100.00
src/main/java/teammates/common/util/EmailWrapper.java,0.00,0.00,100.00,0.00,0.00,Common,100.00
src/main/java/teammates/common/util/AppUrl.java,10.00,0.00,90.00,0.00,0.00,Common,90.00
src/main/java/teammates/common/util/HttpRequestHelper.java,0.00,0.00,100.00,0.00,0.00,Common,100.00
src/main/java/teammates/common/util/SanitizationHelper.java,30.00,5.00,90.00,0.00,0.00,Common,90.00
src/main/java/teammates/common/util/HttpRequest.java,0.00,0.00,100.00,0.00,0.00,Common,100.00
src/main/java/teammates/common/util/Const.java,10.00,5.00,90.00,0.00,0.00,Common,90.00
src/main/java/teammates/common/util/FileHelper.java,0.00,0.00,100.00,0.00,0.00,Common,100.00
src/main/java/teammates/common/util/StringHelper.java,10.00,15.00,95.00,0.00,5.00,Common,95.00
src/main/java/teammates/common/util/TzdbResourceZoneRulesProvider.java,0.00,0.00,100.00,0.00,0.00,Common,100.00
src/main/java/teammates/common/util/RequestTracer.java,0.00,0.00,100.00,5.00,0.00,Common,100.00
src/main/java/teammates/common/util/EmailType.java,10.00,0.00,90.00,0.00,0.00,Common,90.00
src/main/java/teammates/common/util/package-info.java,5.00,5.00,85.00,0.00,5.00,Common,85.00
src/main/java/teammates/main/Application.java,0.00,0.00,0.00,0.00,90.00,Client,90.00
src/main/java/teammates/main/package-info.java,0.00,0.00,10.00,0.00,10.00,Common,10.00
src/main/java/teammates/storage/api/DeadlineExtensionsDb.java,10.00,90.00,5.00,0.00,0.00,Storage,90.00
src/main/java/teammates/storage/api/OfyHelper.java,0.00,95.00,5.00,0.00,0.00,Storage,95.00
src/main/java/teammates/storage/api/FeedbackQuestionsDb.java,0.00,100.00,0.00,0.00,0.00,Storage,100.00
src/main/java/teammates/storage/api/DatastoreEmulatorRunner.java,5.00,85.00,5.00,2.00,3.00,Storage,85.00
src/main/java/teammates/storage/api/InstructorsDb.java,10.00,95.00,1.00,0.00,0.00,Storage,95.00
src/main/java/teammates/storage/api/FeedbackResponseCommentsDb.java,5.00,95.00,0.00,0.00,0.00,Storage,95.00
src/main/java/teammates/storage/api/CoursesDb.java,0.00,100.00,0.00,0.00,0.00,Storage,100.00
src/main/java/teammates/storage/api/AccountsDb.java,5.00,95.00,0.00,0.00,0.00,Storage,95.00
src/main/java/teammates/storage/api/StudentsDb.java,0.00,100.00,0.00,0.00,0.00,Storage,100.00
src/main/java/teammates/storage/api/AccountRequestsDb.java,5.00,90.00,0.00,0.00,5.00,Storage,90.00
src/main/java/teammates/storage/api/FeedbackResponsesDb.java,0.00,100.00,0.00,0.00,0.00,Storage,100.00
src/main/java/teammates/storage/api/FeedbackSessionsDb.java,5.00,95.00,0.00,0.00,0.00,Storage,95.00
src/main/java/teammates/storage/api/NotificationsDb.java,0.00,100.00,0.00,0.00,0.00,Storage,100.00
src/main/java/teammates/storage/api/EntitiesDb.java,10.00,95.00,5.00,0.00,0.00,Storage,95.00
src/main/java/teammates/storage/api/UsageStatisticsDb.java,10.00,90.00,0.00,0.00,0.00,Storage,90.00
src/main/java/teammates/storage/api/package-info.java,1.00,95.00,1.00,1.00,2.00,Storage,95.00
src/main/java/teammates/storage/entity/Instructor.java,10.00,95.00,5.00,0.00,0.00,Storage,95.00
src/main/java/teammates/storage/entity/DeadlineExtension.java,0.00,95.00,0.00,5.00,0.00,Storage,95.00
src/main/java/teammates/storage/entity/FeedbackSession.java,0.00,95.00,5.00,0.00,0.00,Storage,95.00
src/main/java/teammates/storage/entity/FeedbackQuestion.java,0.00,100.00,0.00,0.00,0.00,Storage,100.00
src/main/java/teammates/storage/entity/FeedbackResponseComment.java,5.00,95.00,0.00,0.00,0.00,Storage,95.00
src/main/java/teammates/storage/entity/AccountRequest.java,5.00,95.00,0.00,0.00,0.00,Storage,95.00
src/main/java/teammates/storage/entity/BaseEntity.java,0.00,95.00,5.00,0.00,0.00,Storage,95.00
src/main/java/teammates/storage/entity/UsageStatistics.java,0.00,90.00,5.00,0.00,5.00,Storage,90.00
src/main/java/teammates/storage/entity/CourseStudent.java,0.00,100.00,0.00,0.00,0.00,Storage,100.00
src/main/java/teammates/storage/entity/Account.java,5.00,95.00,0.00,0.00,0.00,Storage,95.00
src/main/java/teammates/storage/entity/Course.java,0.00,100.00,0.00,0.00,0.00,Storage,100.00
src/main/java/teammates/storage/entity/FeedbackResponse.java,0.00,100.00,0.00,0.00,0.00,Storage,100.00
src/main/java/teammates/storage/entity/Notification.java,5.00,95.00,0.00,0.00,0.00,Storage,95.00
src/main/java/teammates/storage/entity/package-info.java,0.00,100.00,0.00,0.00,0.00,Storage,100.00
src/main/java/teammates/storage/search/AccountRequestSearchDocument.java,0.00,90.00,5.00,0.00,0.00,Storage,90.00
src/main/java/teammates/storage/search/StudentSearchManager.java,5.00,90.00,5.00,0.00,0.00,Storage,90.00
src/main/java/teammates/storage/search/SearchManagerStarter.java,0.00,90.00,5.00,0.00,5.00,Storage,90.00
src/main/java/teammates/storage/search/SearchDocument.java,10.00,95.00,10.00,0.00,0.00,Storage,95.00
src/main/java/teammates/storage/search/SearchManagerFactory.java,0.00,90.00,5.00,0.00,0.00,Storage,90.00
src/main/java/teammates/storage/search/AccountRequestSearchManager.java,0.00,80.00,0.00,0.00,20.00,Storage,80.00
src/main/java/teammates/storage/search/SearchManager.java,15.00,85.00,5.00,0.00,0.00,Storage,85.00
src/main/java/teammates/storage/search/InstructorSearchDocument.java,0.00,100.00,0.00,0.00,0.00,Storage,100.00
src/main/java/teammates/storage/search/InstructorSearchManager.java,10.00,90.00,0.00,0.00,0.00,Storage,90.00
src/main/java/teammates/storage/search/StudentSearchDocument.java,0.00,90.00,5.00,0.00,5.00,Storage,90.00
src/main/java/teammates/storage/search/package-info.java,0.00,100.00,0.00,0.00,0.00,Storage,100.00
