file_path,Apps,FSESL,FreeSWITCH,Presentation Conversion,Redis DB,Redis PubSub,best_module,best_likelihood
akka-bbb-fsesl/src/main/java/org/bigbluebutton/freeswitch/voice/freeswitch/response/ConferenceMemberFlags.java,5.00,30.00,90.00,0.00,0.00,0.00,FreeSWITCH,90.00
akka-bbb-fsesl/src/main/java/org/bigbluebutton/freeswitch/voice/freeswitch/response/XMLResponseConferenceListParser.java,20.00,85.00,40.00,0.00,0.00,5.00,FSESL,85.00
akka-bbb-fsesl/src/main/java/org/bigbluebutton/freeswitch/voice/freeswitch/response/ConferenceMember.java,5.00,90.00,85.00,0.00,0.00,0.00,FSESL,90.00
akka-bbb-fsesl/src/main/java/org/bigbluebutton/freeswitch/voice/freeswitch/actions/BroadcastConferenceCommand.java,0.00,90.00,80.00,0.00,0.00,5.00,FSESL,90.00
akka-bbb-fsesl/src/main/java/org/bigbluebutton/freeswitch/voice/freeswitch/actions/EjectAllUsersCommand.java,0.00,10.00,90.00,0.00,0.00,0.00,FreeSWITCH,90.00
akka-bbb-fsesl/src/main/java/org/bigbluebutton/freeswitch/voice/freeswitch/actions/GetUsersStatusCommand.java,10.00,90.00,70.00,0.00,0.00,20.00,FSESL,90.00
akka-bbb-fsesl/src/main/java/org/bigbluebutton/freeswitch/voice/freeswitch/actions/CheckFreeswitchStatusCommand.java,0.00,90.00,20.00,0.00,0.00,10.00,FSESL,90.00
akka-bbb-fsesl/src/main/java/org/bigbluebutton/freeswitch/voice/freeswitch/actions/TransferUserToMeetingCommand.java,10.00,30.00,95.00,0.00,0.00,5.00,FreeSWITCH,95.00
akka-bbb-fsesl/src/main/java/org/bigbluebutton/freeswitch/voice/freeswitch/actions/HoldUserCommand.java,15.00,50.00,90.00,0.00,0.00,5.00,FreeSWITCH,90.00
akka-bbb-fsesl/src/main/java/org/bigbluebutton/freeswitch/voice/freeswitch/actions/DeafUserCommand.java,5.00,20.00,95.00,0.00,0.00,0.00,FreeSWITCH,95.00
akka-bbb-fsesl/src/main/java/org/bigbluebutton/freeswitch/voice/freeswitch/actions/GetAllUsersCommand.java,10.00,95.00,15.00,0.00,0.00,5.00,FSESL,95.00
akka-bbb-fsesl/src/main/java/org/bigbluebutton/freeswitch/voice/freeswitch/actions/RecordConferenceCommand.java,20.00,80.00,60.00,0.00,5.00,10.00,FSESL,80.00
akka-bbb-fsesl/src/main/java/org/bigbluebutton/freeswitch/voice/freeswitch/actions/PlaySoundCommand.java,10.00,90.00,30.00,0.00,0.00,10.00,FSESL,90.00
akka-bbb-fsesl/src/main/java/org/bigbluebutton/freeswitch/voice/freeswitch/actions/MuteUserCommand.java,20.00,80.00,40.00,0.00,0.00,10.00,FSESL,80.00
akka-bbb-fsesl/src/main/java/org/bigbluebutton/freeswitch/voice/freeswitch/actions/FreeswitchCommand.java,10.00,90.00,20.00,0.00,0.00,5.00,FSESL,90.00
akka-bbb-fsesl/src/main/java/org/bigbluebutton/freeswitch/voice/freeswitch/actions/StopSoundCommand.java,10.00,80.00,90.00,0.00,0.00,20.00,FreeSWITCH,90.00
akka-bbb-fsesl/src/main/java/org/bigbluebutton/freeswitch/voice/freeswitch/actions/ConferenceCheckRecordCommand.java,10.00,90.00,70.00,0.00,0.00,5.00,FSESL,90.00
akka-bbb-fsesl/src/main/java/org/bigbluebutton/freeswitch/voice/freeswitch/actions/DelayedCommand.java,10.00,30.00,90.00,0.00,0.00,10.00,FreeSWITCH,90.00
akka-bbb-fsesl/src/main/java/org/bigbluebutton/freeswitch/voice/freeswitch/actions/ForceEjectUserCommand.java,10.00,90.00,30.00,0.00,0.00,5.00,FSESL,90.00
akka-bbb-fsesl/src/main/java/org/bigbluebutton/freeswitch/voice/freeswitch/actions/CheckIfConfIsRunningCommand.java,20.00,90.00,60.00,0.00,0.00,10.00,FSESL,90.00
akka-bbb-fsesl/src/main/java/org/bigbluebutton/freeswitch/voice/freeswitch/actions/EjectUserCommand.java,10.00,30.00,90.00,0.00,0.00,10.00,FreeSWITCH,90.00
akka-bbb-fsesl/src/main/java/org/bigbluebutton/freeswitch/voice/freeswitch/DelayedCommandSenderService.java,10.00,30.00,80.00,0.00,0.00,20.00,FreeSWITCH,80.00
akka-bbb-fsesl/src/main/java/org/bigbluebutton/freeswitch/voice/freeswitch/IDelayedCommandListener.java,10.00,60.00,90.00,0.00,0.00,5.00,FreeSWITCH,90.00
akka-bbb-fsesl/src/main/java/org/bigbluebutton/freeswitch/voice/freeswitch/FreeswitchApplication.java,0.00,10.00,90.00,0.00,0.00,0.00,FreeSWITCH,90.00
akka-bbb-fsesl/src/main/java/org/bigbluebutton/freeswitch/voice/freeswitch/ConnectionManager.java,0.00,15.00,90.00,0.00,0.00,5.00,FreeSWITCH,90.00
akka-bbb-fsesl/src/main/java/org/bigbluebutton/freeswitch/voice/freeswitch/ESLEventListener.java,10.00,95.00,20.00,0.00,0.00,5.00,FSESL,95.00
akka-bbb-fsesl/src/main/java/org/bigbluebutton/freeswitch/voice/events/VoiceUserTalkingEvent.java,5.00,15.00,80.00,0.00,0.00,0.00,FreeSWITCH,80.00
akka-bbb-fsesl/src/main/java/org/bigbluebutton/freeswitch/voice/events/VoiceUsersStatusEvent.java,30.00,90.00,60.00,0.00,5.00,20.00,FSESL,90.00
akka-bbb-fsesl/src/main/java/org/bigbluebutton/freeswitch/voice/events/ConfRecording.java,3.00,80.00,15.00,0.00,0.00,2.00,FSESL,80.00
akka-bbb-fsesl/src/main/java/org/bigbluebutton/freeswitch/voice/events/VoiceUserLeftEvent.java,20.00,80.00,90.00,0.00,5.00,10.00,FreeSWITCH,90.00
akka-bbb-fsesl/src/main/java/org/bigbluebutton/freeswitch/voice/events/AudioFloorChangedEvent.java,20.00,80.00,95.00,0.00,5.00,10.00,FreeSWITCH,95.00
akka-bbb-fsesl/src/main/java/org/bigbluebutton/freeswitch/voice/events/UnknownConferenceEvent.java,20.00,80.00,40.00,0.00,5.00,10.00,FSESL,80.00
akka-bbb-fsesl/src/main/java/org/bigbluebutton/freeswitch/voice/events/VoiceUserLockedEvent.java,10.00,70.00,90.00,0.00,0.00,10.00,FreeSWITCH,90.00
akka-bbb-fsesl/src/main/java/org/bigbluebutton/freeswitch/voice/events/VoiceUserJoinedEvent.java,20.00,90.00,60.00,0.00,5.00,10.00,FSESL,90.00
akka-bbb-fsesl/src/main/java/org/bigbluebutton/freeswitch/voice/events/FreeswitchHeartbeatEvent.java,10.00,30.00,90.00,0.00,5.00,15.00,FreeSWITCH,90.00
akka-bbb-fsesl/src/main/java/org/bigbluebutton/freeswitch/voice/events/VoiceConfRunningAndRecordingEvent.java,15.00,65.00,80.00,0.00,5.00,10.00,FreeSWITCH,80.00
akka-bbb-fsesl/src/main/java/org/bigbluebutton/freeswitch/voice/events/ConferenceEventListener.java,20.00,80.00,70.00,0.00,0.00,10.00,FSESL,80.00
akka-bbb-fsesl/src/main/java/org/bigbluebutton/freeswitch/voice/events/VoiceConferenceEvent.java,20.00,80.00,90.00,0.00,5.00,10.00,FreeSWITCH,90.00
akka-bbb-fsesl/src/main/java/org/bigbluebutton/freeswitch/voice/events/FreeswitchStatusReplyEvent.java,10.00,80.00,40.00,0.00,0.00,10.00,FSESL,80.00
akka-bbb-fsesl/src/main/java/org/bigbluebutton/freeswitch/voice/events/ConfMember.java,10.00,80.00,30.00,0.00,0.00,5.00,FSESL,80.00
akka-bbb-fsesl/src/main/java/org/bigbluebutton/freeswitch/voice/events/VoiceStartRecordingEvent.java,5.00,10.00,95.00,0.00,0.00,0.00,FreeSWITCH,95.00
akka-bbb-fsesl/src/main/java/org/bigbluebutton/freeswitch/voice/events/VoiceCallStateEvent.java,10.00,80.00,60.00,0.00,0.00,5.00,FSESL,80.00
akka-bbb-fsesl/src/main/java/org/bigbluebutton/freeswitch/voice/events/VoiceUserMutedEvent.java,20.00,80.00,40.00,0.00,0.00,10.00,FSESL,80.00
akka-bbb-fsesl/src/main/java/org/bigbluebutton/freeswitch/voice/events/VoiceConfRunningEvent.java,30.00,70.00,85.00,0.00,5.00,10.00,FreeSWITCH,85.00
akka-bbb-fsesl/src/main/java/org/bigbluebutton/freeswitch/voice/commands/GetUsersCommand.java,20.00,90.00,30.00,0.00,0.00,10.00,FSESL,90.00
akka-bbb-fsesl/src/main/java/org/bigbluebutton/freeswitch/voice/commands/ConferenceCommandResult.java,10.00,90.00,50.00,0.00,0.00,15.00,FSESL,90.00
akka-bbb-fsesl/src/main/java/org/bigbluebutton/freeswitch/voice/commands/RecordCommand.java,20.00,40.00,90.00,0.00,0.00,10.00,FreeSWITCH,90.00
akka-bbb-fsesl/src/main/java/org/bigbluebutton/freeswitch/voice/commands/MuteUserCommand.java,20.00,80.00,60.00,0.00,0.00,10.00,FSESL,80.00
akka-bbb-fsesl/src/main/java/org/bigbluebutton/freeswitch/voice/commands/ConferenceCommand.java,10.00,30.00,90.00,0.00,0.00,5.00,FreeSWITCH,90.00
akka-bbb-fsesl/src/main/java/org/bigbluebutton/freeswitch/voice/commands/EjectUserCommand.java,10.00,30.00,90.00,0.00,0.00,0.00,FreeSWITCH,90.00
akka-bbb-fsesl/src/main/java/org/bigbluebutton/freeswitch/voice/FreeswitchConferenceEventListener.java,20.00,30.00,90.00,0.00,5.00,10.00,FreeSWITCH,90.00
akka-bbb-fsesl/src/main/java/org/bigbluebutton/freeswitch/voice/IVoiceConferenceService.java,10.00,20.00,70.00,0.00,0.00,0.00,FreeSWITCH,70.00
akka-bbb-fsesl/src/main/java/org/bigbluebutton/freeswitch/voice/ConferenceServerListener.java,20.00,30.00,80.00,0.00,5.00,5.00,FreeSWITCH,80.00
bbb-common-web/src/main/java/org/bigbluebutton/presentation/handlers/ImageResizerHandler.java,5.00,0.00,0.00,95.00,0.00,0.00,Presentation Conversion,95.00
bbb-common-web/src/main/java/org/bigbluebutton/presentation/handlers/AddNamespaceToSvgHandler.java,0.00,0.00,0.00,95.00,5.00,5.00,Presentation Conversion,95.00
bbb-common-web/src/main/java/org/bigbluebutton/presentation/handlers/SvgConversionHandler.java,10.00,0.00,0.00,95.00,0.00,5.00,Presentation Conversion,95.00
bbb-common-web/src/main/java/org/bigbluebutton/presentation/handlers/Pdf2PngPageConverterHandler.java,5.00,0.00,0.00,95.00,0.00,0.00,Presentation Conversion,95.00
bbb-common-web/src/main/java/org/bigbluebutton/presentation/handlers/PdfPageCounterHandler.java,5.00,0.00,0.00,95.00,0.00,0.00,Presentation Conversion,95.00
bbb-common-web/src/main/java/org/bigbluebutton/presentation/handlers/PdfFontType3DetectorHandler.java,10.00,0.00,0.00,90.00,0.00,0.00,Presentation Conversion,90.00
bbb-common-web/src/main/java/org/bigbluebutton/presentation/handlers/AbstractCommandHandler.java,0.00,5.00,10.00,80.00,0.00,5.00,Presentation Conversion,80.00
bbb-common-web/src/main/java/org/bigbluebutton/presentation/handlers/Office2PdfConverterHandler.java,0.00,0.00,0.00,95.00,0.00,5.00,Presentation Conversion,95.00
bbb-common-web/src/main/java/org/bigbluebutton/presentation/handlers/Png2SvgConversionHandler.java,3.00,0.00,0.00,95.00,0.00,2.00,Presentation Conversion,95.00
bbb-common-web/src/main/java/org/bigbluebutton/presentation/imp/ExternalProcessExecutor.java,0.00,0.00,0.00,98.00,0.00,0.00,Presentation Conversion,98.00
bbb-common-web/src/main/java/org/bigbluebutton/presentation/imp/SlidesGenerationProgressNotifier.java,0.00,0.00,0.00,95.00,0.00,5.00,Presentation Conversion,95.00
bbb-common-web/src/main/java/org/bigbluebutton/presentation/imp/PdfSlidesGenerationService.java,10.00,0.00,0.00,95.00,5.00,5.00,Presentation Conversion,95.00
bbb-common-web/src/main/java/org/bigbluebutton/presentation/imp/PageCounterService.java,10.00,0.00,0.00,95.00,5.00,0.00,Presentation Conversion,95.00
bbb-common-web/src/main/java/org/bigbluebutton/presentation/imp/PresentationConversionCompletionService.java,0.00,0.00,0.00,95.00,0.00,5.00,Presentation Conversion,95.00
bbb-common-web/src/main/java/org/bigbluebutton/presentation/imp/PdfPageCounter.java,0.00,0.00,0.00,100.00,0.00,0.00,Presentation Conversion,100.00
bbb-common-web/src/main/java/org/bigbluebutton/presentation/imp/OfficeDocumentValidator2.java,5.00,0.00,0.00,90.00,0.00,5.00,Presentation Conversion,90.00
bbb-common-web/src/main/java/org/bigbluebutton/presentation/imp/ThumbnailCreatorImp.java,10.00,0.00,0.00,95.00,5.00,0.00,Presentation Conversion,95.00
bbb-common-web/src/main/java/org/bigbluebutton/presentation/imp/SvgImageCreatorImp.java,0.00,0.00,0.00,100.00,0.00,0.00,Presentation Conversion,100.00
bbb-common-web/src/main/java/org/bigbluebutton/presentation/imp/Office2PdfPageConverter.java,5.00,0.00,0.00,95.00,0.00,0.00,Presentation Conversion,95.00
bbb-common-web/src/main/java/org/bigbluebutton/presentation/imp/BigPdfException.java,0.00,0.00,0.00,100.00,0.00,0.00,Presentation Conversion,100.00
bbb-common-web/src/main/java/org/bigbluebutton/presentation/imp/ImageSlidesGenerationService.java,0.00,0.00,0.00,100.00,0.00,0.00,Presentation Conversion,100.00
bbb-common-web/src/main/java/org/bigbluebutton/presentation/imp/PdfPageDownscaler.java,10.00,0.00,0.00,95.00,0.00,5.00,Presentation Conversion,95.00
bbb-common-web/src/main/java/org/bigbluebutton/presentation/imp/PresentationFileProcessor.java,10.00,0.00,0.00,95.00,5.00,10.00,Presentation Conversion,95.00
bbb-common-web/src/main/java/org/bigbluebutton/presentation/imp/PageExtractorImp.java,5.00,0.00,0.00,95.00,0.00,0.00,Presentation Conversion,95.00
bbb-common-web/src/main/java/org/bigbluebutton/presentation/imp/PresentationToConvert.java,0.00,0.00,0.00,100.00,0.00,10.00,Presentation Conversion,100.00
bbb-common-web/src/main/java/org/bigbluebutton/presentation/imp/OfficeDocumentValidator.java,10.00,0.00,0.00,95.00,0.00,0.00,Presentation Conversion,95.00
bbb-common-web/src/main/java/org/bigbluebutton/presentation/imp/PngCreatorImp.java,0.00,0.00,0.00,100.00,0.00,0.00,Presentation Conversion,100.00
bbb-common-web/src/main/java/org/bigbluebutton/presentation/imp/TextFileCreatorImp.java,5.00,0.00,0.00,95.00,0.00,0.00,Presentation Conversion,95.00
bbb-common-web/src/main/java/org/bigbluebutton/presentation/imp/OfficeToPdfConversionService.java,10.00,0.00,0.00,100.00,0.00,5.00,Presentation Conversion,100.00
bbb-common-web/src/main/java/org/bigbluebutton/presentation/imp/PageToConvert.java,0.00,0.00,0.00,100.00,10.00,20.00,Presentation Conversion,100.00
bbb-common-web/src/main/java/org/bigbluebutton/presentation/imp/CountingPageException.java,10.00,0.00,0.00,95.00,5.00,0.00,Presentation Conversion,95.00
bbb-common-web/src/main/java/org/bigbluebutton/presentation/imp/ImageResizerImp.java,0.00,0.00,0.00,95.00,0.00,0.00,Presentation Conversion,95.00
bbb-common-web/src/main/java/org/bigbluebutton/presentation/messages/DocConversionRequestReceived.java,10.00,0.00,0.00,90.00,5.00,15.00,Presentation Conversion,90.00
bbb-common-web/src/main/java/org/bigbluebutton/presentation/messages/DocPageConversionStarted.java,10.00,0.00,0.00,95.00,5.00,5.00,Presentation Conversion,95.00
bbb-common-web/src/main/java/org/bigbluebutton/presentation/messages/PresentationConvertMessage.java,0.00,0.00,0.00,99.00,0.00,0.00,Presentation Conversion,99.00
bbb-common-web/src/main/java/org/bigbluebutton/presentation/messages/IPresentationCompletionMessage.java,20.00,0.00,0.00,90.00,5.00,5.00,Presentation Conversion,90.00
bbb-common-web/src/main/java/org/bigbluebutton/presentation/messages/UploadFileTimedoutMessage.java,20.00,0.00,0.00,90.00,0.00,10.00,Presentation Conversion,90.00
bbb-common-web/src/main/java/org/bigbluebutton/presentation/messages/PageConvertProgressMessage.java,5.00,0.00,0.00,95.00,0.00,0.00,Presentation Conversion,95.00
bbb-common-web/src/main/java/org/bigbluebutton/presentation/messages/DocInvalidMimeType.java,10.00,0.00,0.00,90.00,0.00,0.00,Presentation Conversion,90.00
bbb-common-web/src/main/java/org/bigbluebutton/presentation/messages/DocPageCountFailed.java,20.00,0.00,0.00,95.00,5.00,10.00,Presentation Conversion,95.00
bbb-common-web/src/main/java/org/bigbluebutton/presentation/messages/DocPageGeneratedProgress.java,10.00,0.00,0.00,100.00,0.00,5.00,Presentation Conversion,100.00
bbb-common-web/src/main/java/org/bigbluebutton/presentation/messages/IDocConversionMsg.java,2.00,0.00,0.00,90.00,0.00,8.00,Presentation Conversion,90.00
bbb-common-web/src/main/java/org/bigbluebutton/presentation/messages/UploadFileTooLargeMessage.java,20.00,0.00,0.00,95.00,5.00,10.00,Presentation Conversion,95.00
bbb-common-web/src/main/java/org/bigbluebutton/presentation/messages/PdfConversionInvalid.java,20.00,0.00,0.00,95.00,5.00,10.00,Presentation Conversion,95.00
bbb-common-web/src/main/java/org/bigbluebutton/presentation/messages/DocConversionProgress.java,10.00,0.00,0.00,95.00,0.00,30.00,Presentation Conversion,95.00
bbb-common-web/src/main/java/org/bigbluebutton/presentation/messages/DocPageCompletedProgress.java,20.00,0.00,0.00,95.00,5.00,15.00,Presentation Conversion,95.00
bbb-common-web/src/main/java/org/bigbluebutton/presentation/messages/DocPageCountExceeded.java,0.00,0.00,0.00,95.00,0.00,5.00,Presentation Conversion,95.00
bbb-common-web/src/main/java/org/bigbluebutton/presentation/UploadedPresentation.java,10.00,0.00,0.00,90.00,5.00,0.00,Presentation Conversion,90.00
bbb-common-web/src/main/java/org/bigbluebutton/presentation/DocumentConversionServiceImp.java,3.00,0.00,0.00,95.00,0.00,2.00,Presentation Conversion,95.00
bbb-common-web/src/main/java/org/bigbluebutton/presentation/SupportedDocumentFilter.java,0.00,0.00,0.00,95.00,0.00,5.00,Presentation Conversion,95.00
bbb-common-web/src/main/java/org/bigbluebutton/presentation/TextFileCreator.java,10.00,0.00,0.00,90.00,0.00,0.00,Presentation Conversion,90.00
bbb-common-web/src/main/java/org/bigbluebutton/presentation/PresentationUrlDownloadService.java,5.00,0.00,0.00,95.00,0.00,0.00,Presentation Conversion,95.00
bbb-common-web/src/main/java/org/bigbluebutton/presentation/ConversionUpdateMessage.java,10.00,5.00,5.00,90.00,5.00,15.00,Presentation Conversion,90.00
bbb-common-web/src/main/java/org/bigbluebutton/presentation/Util.java,10.00,0.00,0.00,90.00,0.00,0.00,Presentation Conversion,90.00
bbb-common-web/src/main/java/org/bigbluebutton/presentation/PngCreator.java,10.00,0.00,0.00,95.00,0.00,0.00,Presentation Conversion,95.00
bbb-common-web/src/main/java/org/bigbluebutton/presentation/DocumentConversionService.java,5.00,0.00,0.00,95.00,0.00,0.00,Presentation Conversion,95.00
bbb-common-web/src/main/java/org/bigbluebutton/presentation/PageExtractor.java,10.00,0.00,0.00,95.00,5.00,5.00,Presentation Conversion,95.00
bbb-common-web/src/main/java/org/bigbluebutton/presentation/OfficeToPdfConversionSuccessFilter.java,0.00,0.00,0.00,95.00,0.00,5.00,Presentation Conversion,95.00
bbb-common-web/src/main/java/org/bigbluebutton/presentation/Page.java,10.00,0.00,0.00,95.00,0.00,0.00,Presentation Conversion,95.00
bbb-common-web/src/main/java/org/bigbluebutton/presentation/PageAnalyser.java,5.00,0.00,0.00,95.00,0.00,0.00,Presentation Conversion,95.00
bbb-common-web/src/main/java/org/bigbluebutton/presentation/SvgImageCreator.java,10.00,0.00,0.00,95.00,0.00,0.00,Presentation Conversion,95.00
bbb-common-web/src/main/java/org/bigbluebutton/presentation/PageConverter.java,5.00,0.00,0.00,95.00,0.00,0.00,Presentation Conversion,95.00
bbb-common-web/src/main/java/org/bigbluebutton/presentation/ThumbnailCreator.java,3.00,0.00,0.00,95.00,1.00,1.00,Presentation Conversion,95.00
bbb-common-web/src/main/java/org/bigbluebutton/presentation/FileTypeConstants.java,10.00,0.00,0.00,95.00,0.00,0.00,Presentation Conversion,95.00
bbb-common-web/src/main/java/org/bigbluebutton/presentation/SupportedFileTypes.java,0.00,0.00,0.00,95.00,0.00,0.00,Presentation Conversion,95.00
bbb-common-web/src/main/java/org/bigbluebutton/presentation/PageCounter.java,1.00,0.00,0.00,98.00,0.00,1.00,Presentation Conversion,98.00
bbb-common-web/src/main/java/org/bigbluebutton/presentation/ConversionMessageConstants.java,0.00,0.00,0.00,100.00,0.00,0.00,Presentation Conversion,100.00
bbb-common-web/src/main/java/org/bigbluebutton/presentation/ImageResizer.java,0.00,0.00,0.00,100.00,0.00,0.00,Presentation Conversion,100.00
bbb-common-web/src/main/java/org/bigbluebutton/presentation/GeneratedSlidesInfoHelper.java,10.00,0.00,0.00,90.00,0.00,0.00,Presentation Conversion,90.00
bbb-common-web/src/main/java/org/bigbluebutton/presentation/MimeTypeUtils.java,10.00,0.00,0.00,90.00,0.00,0.00,Presentation Conversion,90.00
bbb-common-web/src/main/java/org/bigbluebutton/common/messages/MessageBuilder.java,30.00,5.00,5.00,0.00,0.00,60.00,Redis PubSub,60.00
bbb-common-web/src/main/java/org/bigbluebutton/common/messages/BbbAppsIsAliveMessage.java,70.00,10.00,5.00,0.00,0.00,15.00,Apps,70.00
bbb-common-web/src/main/java/org/bigbluebutton/api/domain/Image.java,10.00,0.00,0.00,70.00,5.00,0.00,Presentation Conversion,70.00
bbb-common-web/src/main/java/org/bigbluebutton/api/domain/RecordingMetadata.java,30.00,5.00,5.00,10.00,80.00,20.00,Redis DB,80.00
bbb-common-web/src/main/java/org/bigbluebutton/api/domain/Group.java,50.00,0.00,0.00,0.00,20.00,0.00,Apps,50.00
bbb-common-web/src/main/java/org/bigbluebutton/api/domain/GuestPolicy.java,25.00,5.00,0.00,0.00,0.00,0.00,Apps,25.00
bbb-common-web/src/main/java/org/bigbluebutton/api/domain/Poll.java,0.00,0.00,0.00,0.00,0.00,0.00,Apps,0.00
bbb-common-web/src/main/java/org/bigbluebutton/api/domain/Recordings.java,20.00,5.00,5.00,0.00,60.00,10.00,Redis DB,60.00
bbb-common-web/src/main/java/org/bigbluebutton/api/domain/BreakoutRoom.java,60.00,5.00,5.00,5.00,10.00,5.00,Apps,60.00
bbb-common-web/src/main/java/org/bigbluebutton/api/domain/Config.java,30.00,10.00,10.00,5.00,15.00,15.00,Apps,30.00
bbb-common-web/src/main/java/org/bigbluebutton/api/domain/Extensions.java,10.00,5.00,5.00,15.00,5.00,5.00,Presentation Conversion,15.00
bbb-common-web/src/main/java/org/bigbluebutton/api/domain/Breakout.java,70.00,5.00,5.00,0.00,0.00,0.00,Apps,70.00
bbb-common-web/src/main/java/org/bigbluebutton/api/domain/BreakoutRoomsParams.java,70.00,0.00,0.00,0.00,10.00,20.00,Apps,70.00
bbb-common-web/src/main/java/org/bigbluebutton/api/domain/LockSettingsParams.java,70.00,5.00,5.00,0.00,10.00,10.00,Apps,70.00
bbb-common-web/src/main/java/org/bigbluebutton/api/domain/Meeting.java,60.00,5.00,5.00,0.00,5.00,5.00,Apps,60.00
bbb-common-web/src/main/java/org/bigbluebutton/api/domain/Playback.java,10.00,5.00,0.00,15.00,30.00,5.00,Redis DB,30.00
bbb-common-web/src/main/java/org/bigbluebutton/api/domain/UserSession.java,80.00,5.00,5.00,0.00,0.00,0.00,Apps,80.00
bbb-common-web/src/main/java/org/bigbluebutton/api/domain/RegisteredUser.java,30.00,5.00,5.00,0.00,10.00,10.00,Apps,30.00
bbb-common-web/src/main/java/org/bigbluebutton/api/domain/MeetingLayout.java,70.00,0.00,0.00,0.00,10.00,0.00,Apps,70.00
bbb-common-web/src/main/java/org/bigbluebutton/api/domain/Preview.java,0.00,0.00,0.00,90.00,5.00,5.00,Presentation Conversion,90.00
bbb-common-web/src/main/java/org/bigbluebutton/api/domain/Recording.java,0.00,0.00,0.00,0.00,40.00,0.00,Redis DB,40.00
bbb-common-web/src/main/java/org/bigbluebutton/api/domain/User.java,80.00,15.00,5.00,0.00,0.00,0.00,Apps,80.00
bbb-common-web/src/main/java/org/bigbluebutton/api/domain/Metadata.java,30.00,10.00,10.00,20.00,40.00,10.00,Redis DB,40.00
bbb-common-web/src/main/java/org/bigbluebutton/api/domain/MeetingInfo.java,50.00,10.00,5.00,5.00,10.00,5.00,Apps,50.00
bbb-common-web/src/main/java/org/bigbluebutton/api/domain/CaptionTrack.java,40.00,5.00,5.00,0.00,10.00,10.00,Apps,40.00
bbb-common-web/src/main/java/org/bigbluebutton/api/domain/RecordingMetadataPlayback.java,0.00,0.00,0.00,0.00,20.00,0.00,Redis DB,20.00
bbb-common-web/src/main/java/org/bigbluebutton/api/domain/Extension.java,20.00,5.00,5.00,10.00,15.00,10.00,Apps,20.00
bbb-common-web/src/main/java/org/bigbluebutton/api/model/constraint/list/NotNullList.java,0.00,0.00,0.00,0.00,15.00,5.00,Redis DB,15.00
bbb-common-web/src/main/java/org/bigbluebutton/api/model/constraint/list/NotEmptyList.java,20.00,5.00,5.00,5.00,0.00,5.00,Apps,20.00
bbb-common-web/src/main/java/org/bigbluebutton/api/model/constraint/list/PatternList.java,90.00,0.00,0.00,0.00,0.00,0.00,Apps,90.00
bbb-common-web/src/main/java/org/bigbluebutton/api/model/constraint/list/SizeList.java,0.00,0.00,0.00,10.00,0.00,0.00,Presentation Conversion,10.00
bbb-common-web/src/main/java/org/bigbluebutton/api/model/constraint/MeetingIDConstraint.java,0.00,0.00,0.00,0.00,0.00,0.00,Apps,0.00
bbb-common-web/src/main/java/org/bigbluebutton/api/model/constraint/GetChecksumConstraint.java,80.00,5.00,5.00,0.00,5.00,5.00,Apps,80.00
bbb-common-web/src/main/java/org/bigbluebutton/api/model/constraint/PasswordConstraint.java,98.00,1.00,0.00,0.00,0.00,1.00,Apps,98.00
bbb-common-web/src/main/java/org/bigbluebutton/api/model/constraint/NotEmpty.java,35.00,5.00,5.00,5.00,0.00,0.00,Apps,35.00
bbb-common-web/src/main/java/org/bigbluebutton/api/model/constraint/PostChecksumConstraint.java,70.00,5.00,0.00,0.00,0.00,0.00,Apps,70.00
bbb-common-web/src/main/java/org/bigbluebutton/api/model/constraint/Pattern.java,80.00,5.00,5.00,5.00,0.00,5.00,Apps,80.00
bbb-common-web/src/main/java/org/bigbluebutton/api/model/constraint/MeetingNameConstraint.java,80.00,10.00,5.00,5.00,0.00,0.00,Apps,80.00
bbb-common-web/src/main/java/org/bigbluebutton/api/model/constraint/MeetingExistsConstraint.java,30.00,5.00,0.00,0.00,15.00,0.00,Apps,30.00
bbb-common-web/src/main/java/org/bigbluebutton/api/model/constraint/MeetingEndedConstraint.java,30.00,0.00,0.00,0.00,5.00,0.00,Apps,30.00
bbb-common-web/src/main/java/org/bigbluebutton/api/model/constraint/IsIntegralConstraint.java,10.00,0.00,0.00,0.00,5.00,0.00,Apps,10.00
bbb-common-web/src/main/java/org/bigbluebutton/api/model/constraint/Size.java,0.00,0.00,0.00,0.00,0.00,0.00,Apps,0.00
bbb-common-web/src/main/java/org/bigbluebutton/api/model/constraint/IsBooleanConstraint.java,70.00,5.00,0.00,5.00,0.00,0.00,Apps,70.00
bbb-common-web/src/main/java/org/bigbluebutton/api/model/constraint/JoinPasswordConstraint.java,20.00,0.00,0.00,0.00,5.00,5.00,Apps,20.00
bbb-common-web/src/main/java/org/bigbluebutton/api/model/constraint/GuestPolicyConstraint.java,70.00,5.00,0.00,0.00,0.00,0.00,Apps,70.00
bbb-common-web/src/main/java/org/bigbluebutton/api/model/constraint/UserSessionConstraint.java,80.00,5.00,0.00,0.00,5.00,10.00,Apps,80.00
bbb-common-web/src/main/java/org/bigbluebutton/api/model/constraint/NotNull.java,30.00,10.00,10.00,20.00,5.00,5.00,Apps,30.00
bbb-common-web/src/main/java/org/bigbluebutton/api/model/shared/GetChecksum.java,30.00,5.00,5.00,5.00,5.00,10.00,Apps,30.00
bbb-common-web/src/main/java/org/bigbluebutton/api/model/shared/ModeratorPassword.java,70.00,0.00,0.00,0.00,10.00,0.00,Apps,70.00
bbb-common-web/src/main/java/org/bigbluebutton/api/model/shared/JoinPassword.java,30.00,5.00,5.00,0.00,10.00,0.00,Apps,30.00
bbb-common-web/src/main/java/org/bigbluebutton/api/model/shared/Checksum.java,70.00,10.00,5.00,5.00,0.00,10.00,Apps,70.00
bbb-common-web/src/main/java/org/bigbluebutton/api/model/shared/Password.java,20.00,5.00,5.00,0.00,10.00,0.00,Apps,20.00
bbb-common-web/src/main/java/org/bigbluebutton/api/model/shared/PostChecksum.java,20.00,5.00,0.00,0.00,0.00,0.00,Apps,20.00
bbb-common-web/src/main/java/org/bigbluebutton/api/model/shared/ChecksumValidationGroup.java,15.00,10.00,5.00,30.00,10.00,10.00,Presentation Conversion,30.00
bbb-common-web/src/main/java/org/bigbluebutton/api/model/request/GuestWait.java,90.00,5.00,1.00,1.00,0.00,3.00,Apps,90.00
bbb-common-web/src/main/java/org/bigbluebutton/api/model/request/Enter.java,80.00,5.00,0.00,0.00,5.00,10.00,Apps,80.00
bbb-common-web/src/main/java/org/bigbluebutton/api/model/request/MeetingRunning.java,80.00,10.00,5.00,0.00,5.00,0.00,Apps,80.00
bbb-common-web/src/main/java/org/bigbluebutton/api/model/request/Request.java,80.00,10.00,5.00,0.00,0.00,5.00,Apps,80.00
bbb-common-web/src/main/java/org/bigbluebutton/api/model/request/SimpleRequest.java,95.00,1.00,1.00,1.00,1.00,1.00,Apps,95.00
bbb-common-web/src/main/java/org/bigbluebutton/api/model/request/Stuns.java,20.00,5.00,0.00,0.00,5.00,0.00,Apps,20.00
bbb-common-web/src/main/java/org/bigbluebutton/api/model/request/EndMeeting.java,80.00,10.00,5.00,0.00,5.00,0.00,Apps,80.00
bbb-common-web/src/main/java/org/bigbluebutton/api/model/request/LearningDashboard.java,95.00,1.00,1.00,1.00,1.00,1.00,Apps,95.00
bbb-common-web/src/main/java/org/bigbluebutton/api/model/request/SignOut.java,50.00,5.00,0.00,0.00,10.00,5.00,Apps,50.00
bbb-common-web/src/main/java/org/bigbluebutton/api/model/request/RequestWithChecksum.java,70.00,5.00,0.00,0.00,5.00,20.00,Apps,70.00
bbb-common-web/src/main/java/org/bigbluebutton/api/model/request/GetJoinUrl.java,90.00,0.00,0.00,0.00,0.00,10.00,Apps,90.00
bbb-common-web/src/main/java/org/bigbluebutton/api/model/request/RequestParameters.java,20.00,5.00,5.00,10.00,5.00,10.00,Apps,20.00
bbb-common-web/src/main/java/org/bigbluebutton/api/model/request/CreateMeeting.java,0.00,0.00,5.00,0.00,10.00,0.00,Redis DB,10.00
bbb-common-web/src/main/java/org/bigbluebutton/api/model/request/InsertDocument.java,20.00,0.00,0.00,70.00,5.00,5.00,Presentation Conversion,70.00
bbb-common-web/src/main/java/org/bigbluebutton/api/model/request/MeetingInfo.java,95.00,2.00,1.00,0.00,1.00,1.00,Apps,95.00
bbb-common-web/src/main/java/org/bigbluebutton/api/model/request/JoinMeeting.java,90.00,5.00,2.00,0.00,0.00,3.00,Apps,90.00
bbb-common-web/src/main/java/org/bigbluebutton/api/model/entity/PlaybackFormat.java,0.00,0.00,0.00,5.00,85.00,10.00,Redis DB,85.00
bbb-common-web/src/main/java/org/bigbluebutton/api/model/entity/Thumbnail.java,10.00,0.00,0.00,80.00,5.00,5.00,Presentation Conversion,80.00
bbb-common-web/src/main/java/org/bigbluebutton/api/model/entity/CallbackData.java,10.00,5.00,5.00,5.00,60.00,15.00,Redis DB,60.00
bbb-common-web/src/main/java/org/bigbluebutton/api/model/entity/Recording.java,0.00,0.00,0.00,0.00,90.00,10.00,Redis DB,90.00
bbb-common-web/src/main/java/org/bigbluebutton/api/model/entity/Metadata.java,5.00,0.00,0.00,10.00,80.00,5.00,Redis DB,80.00
bbb-common-web/src/main/java/org/bigbluebutton/api/model/validator/PasswordValidator.java,30.00,5.00,5.00,0.00,0.00,0.00,Apps,30.00
bbb-common-web/src/main/java/org/bigbluebutton/api/model/validator/IsIntegralValidator.java,20.00,5.00,5.00,5.00,0.00,0.00,Apps,20.00
bbb-common-web/src/main/java/org/bigbluebutton/api/model/validator/GuestPolicyValidator.java,95.00,0.00,0.00,0.00,0.00,0.00,Apps,95.00
bbb-common-web/src/main/java/org/bigbluebutton/api/model/validator/UserSessionValidator.java,70.00,0.00,0.00,0.00,5.00,5.00,Apps,70.00
bbb-common-web/src/main/java/org/bigbluebutton/api/model/validator/IsBooleanValidator.java,10.00,0.00,0.00,5.00,0.00,0.00,Apps,10.00
bbb-common-web/src/main/java/org/bigbluebutton/api/model/validator/NotNullValidator.java,10.00,5.00,5.00,5.00,5.00,5.00,Apps,10.00
bbb-common-web/src/main/java/org/bigbluebutton/api/model/validator/MeetingExistsValidator.java,70.00,5.00,5.00,0.00,10.00,10.00,Apps,70.00
bbb-common-web/src/main/java/org/bigbluebutton/api/model/validator/NotEmptyValidator.java,10.00,5.00,5.00,20.00,0.00,0.00,Presentation Conversion,20.00
bbb-common-web/src/main/java/org/bigbluebutton/api/model/validator/SizeValidator.java,10.00,0.00,0.00,0.00,0.00,0.00,Apps,10.00
bbb-common-web/src/main/java/org/bigbluebutton/api/model/validator/PatternValidator.java,70.00,5.00,5.00,20.00,0.00,0.00,Apps,70.00
bbb-common-web/src/main/java/org/bigbluebutton/api/model/validator/JoinPasswordValidator.java,20.00,0.00,0.00,0.00,10.00,5.00,Apps,20.00
bbb-common-web/src/main/java/org/bigbluebutton/api/model/validator/MeetingEndedValidator.java,70.00,5.00,0.00,0.00,5.00,0.00,Apps,70.00
bbb-common-web/src/main/java/org/bigbluebutton/api/model/validator/GetChecksumValidator.java,10.00,5.00,0.00,5.00,10.00,10.00,Apps,10.00
bbb-common-web/src/main/java/org/bigbluebutton/api/model/validator/PostChecksumValidator.java,95.00,1.00,1.00,1.00,1.00,1.00,Apps,95.00
bbb-common-web/src/main/java/org/bigbluebutton/api/pub/IPublisherService.java,80.00,10.00,5.00,0.00,0.00,5.00,Apps,80.00
bbb-common-web/src/main/java/org/bigbluebutton/api/messaging/converters/messages/CreateMeetingMessage.java,60.00,5.00,0.00,0.00,10.00,25.00,Apps,60.00
bbb-common-web/src/main/java/org/bigbluebutton/api/messaging/converters/messages/DestroyMeetingMessage.java,80.00,10.00,5.00,0.00,5.00,20.00,Apps,80.00
bbb-common-web/src/main/java/org/bigbluebutton/api/messaging/converters/messages/EndMeetingMessage.java,80.00,10.00,5.00,0.00,1.00,4.00,Apps,80.00
bbb-common-web/src/main/java/org/bigbluebutton/api/messaging/converters/messages/KeepAliveMessage.java,15.00,0.00,0.00,0.00,0.00,85.00,Redis PubSub,85.00
bbb-common-web/src/main/java/org/bigbluebutton/api/messaging/converters/messages/DeletedRecordingMessage.java,20.00,5.00,5.00,5.00,30.00,90.00,Redis PubSub,90.00
bbb-common-web/src/main/java/org/bigbluebutton/api/messaging/converters/messages/PublishedRecordingMessage.java,20.00,0.00,0.00,0.00,60.00,20.00,Redis DB,60.00
bbb-common-web/src/main/java/org/bigbluebutton/api/messaging/converters/messages/UnpublishedRecordingMessage.java,20.00,0.00,0.00,0.00,50.00,90.00,Redis PubSub,90.00
bbb-common-web/src/main/java/org/bigbluebutton/api/messaging/messages/UserListeningOnly.java,80.00,5.00,5.00,0.00,0.00,10.00,Apps,80.00
bbb-common-web/src/main/java/org/bigbluebutton/api/messaging/messages/UserLockedInMeeting.java,70.00,10.00,5.00,0.00,5.00,50.00,Apps,70.00
bbb-common-web/src/main/java/org/bigbluebutton/api/messaging/messages/GuestPolicyChanged.java,20.00,5.00,5.00,0.00,10.00,90.00,Redis PubSub,90.00
bbb-common-web/src/main/java/org/bigbluebutton/api/messaging/messages/GuestStatusChangedEventMsg.java,70.00,10.00,5.00,0.00,5.00,10.00,Apps,70.00
bbb-common-web/src/main/java/org/bigbluebutton/api/messaging/messages/UserSharedWebcam.java,90.00,10.00,5.00,0.00,5.00,30.00,Apps,90.00
bbb-common-web/src/main/java/org/bigbluebutton/api/messaging/messages/UserStatusChanged.java,80.00,3.00,2.00,0.00,0.00,15.00,Apps,80.00
bbb-common-web/src/main/java/org/bigbluebutton/api/messaging/messages/UserUnsharedWebcam.java,85.00,5.00,0.00,0.00,0.00,10.00,Apps,85.00
bbb-common-web/src/main/java/org/bigbluebutton/api/messaging/messages/MakePresentationDownloadableMsg.java,40.00,5.00,0.00,85.00,10.00,10.00,Presentation Conversion,85.00
bbb-common-web/src/main/java/org/bigbluebutton/api/messaging/messages/EndMeeting.java,80.00,5.00,0.00,0.00,5.00,10.00,Apps,80.00
bbb-common-web/src/main/java/org/bigbluebutton/api/messaging/messages/LearningDashboard.java,40.00,5.00,0.00,0.00,5.00,50.00,Redis PubSub,50.00
bbb-common-web/src/main/java/org/bigbluebutton/api/messaging/messages/PresentationUploadToken.java,10.00,0.00,0.00,80.00,0.00,10.00,Presentation Conversion,80.00
bbb-common-web/src/main/java/org/bigbluebutton/api/messaging/messages/StunTurnInfoRequested.java,0.00,10.00,0.00,0.00,10.00,80.00,Redis PubSub,80.00
bbb-common-web/src/main/java/org/bigbluebutton/api/messaging/messages/UserLeft.java,80.00,20.00,10.00,0.00,5.00,30.00,Apps,80.00
bbb-common-web/src/main/java/org/bigbluebutton/api/messaging/messages/MeetingEnded.java,8.00,1.00,1.00,0.00,0.00,90.00,Redis PubSub,90.00
bbb-common-web/src/main/java/org/bigbluebutton/api/messaging/messages/UpdateRecordingStatus.java,90.00,10.00,5.00,0.00,20.00,30.00,Apps,90.00
bbb-common-web/src/main/java/org/bigbluebutton/api/messaging/messages/UserRoleChanged.java,90.00,5.00,0.00,0.00,3.00,2.00,Apps,90.00
bbb-common-web/src/main/java/org/bigbluebutton/api/messaging/messages/UserJoined.java,70.00,5.00,5.00,0.00,10.00,10.00,Apps,70.00
bbb-common-web/src/main/java/org/bigbluebutton/api/messaging/messages/UserJoinedVoice.java,30.00,70.00,20.00,0.00,0.00,80.00,Redis PubSub,80.00
bbb-common-web/src/main/java/org/bigbluebutton/api/messaging/messages/IMessage.java,50.00,70.00,20.00,5.00,0.00,80.00,Redis PubSub,80.00
bbb-common-web/src/main/java/org/bigbluebutton/api/messaging/messages/PositionInWaitingQueueUpdated.java,70.00,10.00,5.00,0.00,0.00,15.00,Apps,70.00
bbb-common-web/src/main/java/org/bigbluebutton/api/messaging/messages/MeetingStarted.java,85.00,0.00,0.00,0.00,0.00,15.00,Apps,85.00
bbb-common-web/src/main/java/org/bigbluebutton/api/messaging/messages/GuestsStatus.java,90.00,0.00,0.00,0.00,0.00,10.00,Apps,90.00
bbb-common-web/src/main/java/org/bigbluebutton/api/messaging/messages/PrivateGuestLobbyMessageChanged.java,30.00,10.00,5.00,0.00,5.00,90.00,Redis PubSub,90.00
bbb-common-web/src/main/java/org/bigbluebutton/api/messaging/messages/CreateMeeting.java,90.00,0.00,0.00,0.00,0.00,10.00,Apps,90.00
bbb-common-web/src/main/java/org/bigbluebutton/api/messaging/messages/KeepAliveReply.java,5.00,3.00,1.00,0.00,1.00,90.00,Redis PubSub,90.00
bbb-common-web/src/main/java/org/bigbluebutton/api/messaging/messages/EndBreakoutRoom.java,70.00,10.00,5.00,0.00,0.00,15.00,Apps,70.00
bbb-common-web/src/main/java/org/bigbluebutton/api/messaging/messages/RegisterUser.java,80.00,10.00,5.00,0.00,0.00,5.00,Apps,80.00
bbb-common-web/src/main/java/org/bigbluebutton/api/messaging/messages/GuestLobbyMessageChanged.java,80.00,10.00,5.00,0.00,15.00,90.00,Redis PubSub,90.00
bbb-common-web/src/main/java/org/bigbluebutton/api/messaging/messages/RecordChapterBreak.java,40.00,10.00,5.00,0.00,10.00,70.00,Redis PubSub,70.00
bbb-common-web/src/main/java/org/bigbluebutton/api/messaging/messages/CreateBreakoutRoom.java,100.00,0.00,0.00,0.00,0.00,0.00,Apps,100.00
bbb-common-web/src/main/java/org/bigbluebutton/api/messaging/messages/MeetingDestroyed.java,80.00,20.00,10.00,5.00,0.00,30.00,Apps,80.00
bbb-common-web/src/main/java/org/bigbluebutton/api/messaging/messages/UserLeftVoice.java,30.00,80.00,20.00,0.00,5.00,15.00,FSESL,80.00
bbb-common-web/src/main/java/org/bigbluebutton/api/messaging/MessageDistributor.java,80.00,20.00,10.00,5.00,15.00,85.00,Redis PubSub,85.00
bbb-common-web/src/main/java/org/bigbluebutton/api/messaging/ReceivedMessage.java,10.00,5.00,0.00,0.00,10.00,75.00,Redis PubSub,75.00
bbb-common-web/src/main/java/org/bigbluebutton/api/messaging/MessagingService.java,30.00,5.00,5.00,0.00,20.00,90.00,Redis PubSub,90.00
bbb-common-web/src/main/java/org/bigbluebutton/api/messaging/MessageListener.java,10.00,20.00,5.00,0.00,0.00,90.00,Redis PubSub,90.00
bbb-common-web/src/main/java/org/bigbluebutton/api/messaging/ReceivedMessageHandler.java,70.00,20.00,5.00,0.00,10.00,90.00,Redis PubSub,90.00
bbb-common-web/src/main/java/org/bigbluebutton/api/service/impl/RecordingServiceFileImpl.java,15.00,0.00,0.00,20.00,5.00,0.00,Presentation Conversion,20.00
bbb-common-web/src/main/java/org/bigbluebutton/api/service/impl/XmlServiceImpl.java,10.00,0.00,0.00,5.00,15.00,0.00,Redis DB,15.00
bbb-common-web/src/main/java/org/bigbluebutton/api/service/impl/RecordingServiceDbImpl.java,0.00,0.00,0.00,0.00,30.00,0.00,Redis DB,30.00
bbb-common-web/src/main/java/org/bigbluebutton/api/service/XmlService.java,20.00,0.00,0.00,0.00,0.00,0.00,Apps,20.00
bbb-common-web/src/main/java/org/bigbluebutton/api/service/SessionService.java,70.00,5.00,5.00,0.00,10.00,10.00,Apps,70.00
bbb-common-web/src/main/java/org/bigbluebutton/api/service/ServiceUtils.java,20.00,5.00,5.00,5.00,10.00,15.00,Apps,20.00
bbb-common-web/src/main/java/org/bigbluebutton/api/service/ValidationService.java,20.00,0.00,0.00,0.00,0.00,5.00,Apps,20.00
bbb-common-web/src/main/java/org/bigbluebutton/api/util/DataStore.java,0.00,0.00,0.00,0.00,80.00,20.00,Redis DB,80.00
bbb-common-web/src/main/java/org/bigbluebutton/api/util/MeetingResponseDetail.java,50.00,10.00,5.00,5.00,15.00,15.00,Apps,50.00
bbb-common-web/src/main/java/org/bigbluebutton/api/util/MeetingsResponse.java,20.00,0.00,0.00,0.00,10.00,0.00,Apps,20.00
bbb-common-web/src/main/java/org/bigbluebutton/api/util/ResponseBuilder.java,30.00,5.00,5.00,5.00,10.00,5.00,Apps,30.00
bbb-common-web/src/main/java/org/bigbluebutton/api/util/RecordingMetadataReaderHelper.java,10.00,0.00,0.00,5.00,15.00,0.00,Redis DB,15.00
bbb-common-web/src/main/java/org/bigbluebutton/api/util/HTML5ProcessLine.java,85.00,1.00,1.00,5.00,1.00,7.00,Apps,85.00
bbb-common-web/src/main/java/org/bigbluebutton/api/util/ParamsUtil.java,0.00,0.00,0.00,5.00,5.00,5.00,Presentation Conversion,5.00
bbb-common-web/src/main/java/org/bigbluebutton/api/ApiParams.java,80.00,5.00,5.00,0.00,0.00,10.00,Apps,80.00
bbb-common-web/src/main/java/org/bigbluebutton/api/LearningDashboardService.java,90.00,5.00,0.00,0.00,0.00,5.00,Apps,90.00
bbb-common-web/src/main/java/org/bigbluebutton/api/MeetingService.java,85.00,15.00,5.00,10.00,20.00,30.00,Apps,85.00
bbb-common-web/src/main/java/org/bigbluebutton/api/ApiErrors.java,80.00,5.00,10.00,0.00,0.00,5.00,Apps,80.00
bbb-common-web/src/main/java/org/bigbluebutton/api/Util.java,20.00,0.00,0.00,80.00,0.00,0.00,Presentation Conversion,80.00
bbb-common-web/src/main/java/org/bigbluebutton/api/HTML5LoadBalancingService.java,95.00,0.00,0.00,0.00,0.00,5.00,Apps,95.00
bbb-common-web/src/main/java/org/bigbluebutton/api/RecordingServiceHelper.java,20.00,0.00,0.00,0.00,60.00,20.00,Redis DB,60.00
bbb-common-web/src/main/java/org/bigbluebutton/api/ParamsProcessorUtil.java,75.00,5.00,5.00,0.00,0.00,0.00,Apps,75.00
bbb-common-web/src/main/java/org/bigbluebutton/api/RecordingService.java,30.00,5.00,5.00,20.00,15.00,10.00,Apps,30.00
bbb-common-web/src/main/java/org/bigbluebutton/api/IReceivedOldMessageHandler.java,80.00,5.00,0.00,0.00,0.00,15.00,Apps,80.00
bbb-common-web/src/main/java/org/bigbluebutton/web/services/turn/StunServer.java,10.00,5.00,15.00,0.00,0.00,5.00,FreeSWITCH,15.00
bbb-common-web/src/main/java/org/bigbluebutton/web/services/turn/TurnEntry.java,10.00,5.00,15.00,0.00,0.00,0.00,FreeSWITCH,15.00
bbb-common-web/src/main/java/org/bigbluebutton/web/services/turn/RemoteIceCandidate.java,5.00,0.00,0.00,0.00,0.00,0.00,Apps,5.00
bbb-common-web/src/main/java/org/bigbluebutton/web/services/turn/StunTurnService.java,20.00,5.00,5.00,0.00,0.00,10.00,Apps,20.00
bbb-common-web/src/main/java/org/bigbluebutton/web/services/turn/TurnServer.java,10.00,0.00,0.00,0.00,0.00,0.00,Apps,10.00
bbb-common-web/src/main/java/org/bigbluebutton/web/services/callback/DelayCallback.java,10.00,5.00,0.00,0.00,20.00,65.00,Redis PubSub,65.00
bbb-common-web/src/main/java/org/bigbluebutton/web/services/callback/ICallbackEvent.java,20.00,5.00,0.00,0.00,0.00,10.00,Apps,20.00
bbb-common-web/src/main/java/org/bigbluebutton/web/services/callback/MeetingEndedEvent.java,30.00,5.00,5.00,0.00,10.00,20.00,Apps,30.00
bbb-common-web/src/main/java/org/bigbluebutton/web/services/callback/CallbackUrlService.java,20.00,10.00,0.00,0.00,5.00,25.00,Redis PubSub,25.00
bbb-common-web/src/main/java/org/bigbluebutton/web/services/KeepAliveService.java,70.00,10.00,5.00,0.00,10.00,25.00,Apps,70.00
bbb-common-web/src/main/java/org/bigbluebutton/web/services/UserCleanupTimerTask.java,70.00,0.00,0.00,0.00,10.00,20.00,Apps,70.00
bbb-common-web/src/main/java/org/bigbluebutton/web/services/KeepAlivePing.java,80.00,5.00,5.00,0.00,5.00,30.00,Apps,80.00
bbb-common-web/src/main/java/org/bigbluebutton/web/services/KeepAlivePong.java,30.00,10.00,5.00,0.00,5.00,50.00,Redis PubSub,50.00
bbb-common-web/src/main/java/org/bigbluebutton/web/services/KeepAliveMessage.java,0.00,5.00,0.00,0.00,10.00,85.00,Redis PubSub,85.00
bbb-common-web/src/main/java/org/bigbluebutton/web/services/IStorageService.java,30.00,0.00,0.00,0.00,60.00,10.00,Redis DB,60.00
bbb-common-web/src/main/java/org/bigbluebutton/web/services/WaitingGuestCleanupTimerTask.java,50.00,0.00,0.00,0.00,10.00,10.00,Apps,50.00
bbb-common-web/src/main/java/org/bigbluebutton/web/services/EnteredUserCleanupTimerTask.java,70.00,5.00,0.00,0.00,10.00,15.00,Apps,70.00
bbb-common-web/src/main/java/org/bigbluebutton/api2/domain/RecordProp2.java,20.00,5.00,5.00,10.00,30.00,10.00,Redis DB,30.00
bbb-common-web/src/main/java/org/bigbluebutton/api2/domain/DurationProp2.java,20.00,10.00,5.00,5.00,10.00,10.00,Apps,20.00
bbb-common-web/src/main/java/org/bigbluebutton/api2/domain/PasswordProp2.java,40.00,5.00,5.00,5.00,10.00,10.00,Apps,40.00
bbb-common-web/src/main/java/org/bigbluebutton/api2/domain/WelcomeProp2.java,60.00,5.00,5.00,5.00,10.00,15.00,Apps,60.00
bbb-common-web/src/main/java/org/bigbluebutton/api2/domain/Meeting2.java,80.00,10.00,5.00,5.00,10.00,10.00,Apps,80.00
bbb-common-web/src/main/java/org/bigbluebutton/api2/domain/VoiceProp2.java,20.00,10.00,70.00,0.00,0.00,0.00,FreeSWITCH,70.00
bbb-common-web/src/main/java/org/bigbluebutton/api2/domain/UsersProp2.java,70.00,5.00,5.00,5.00,5.00,5.00,Apps,70.00
bbb-common-web/src/main/java/org/bigbluebutton/api2/domain/MeetingProp2.java,80.00,5.00,5.00,0.00,0.00,10.00,Apps,80.00
bbb-common-web/src/main/java/org/bigbluebutton/api2/IBbbWebApiGWApp.java,100.00,0.00,0.00,5.00,0.00,10.00,Apps,100.00
bbb-common-web/src/main/java/org/bigbluebutton/api2/RecordingServiceGW.java,30.00,5.00,5.00,0.00,10.00,5.00,Apps,30.00
bbb-common-web/src/main/java/org/bigbluebutton/api2/IMeetingService.java,95.00,4.00,1.00,0.00,0.00,0.00,Apps,95.00
bbb-common-web/src/main/java/org/bigbluebutton/api2/IRecordingService.java,20.00,5.00,0.00,0.00,10.00,5.00,Apps,20.00
bbb-fsesl-client/src/main/java/org/freeswitch/esl/client/transport/event/EslEvent.java,20.00,90.00,30.00,0.00,0.00,10.00,FSESL,90.00
bbb-fsesl-client/src/main/java/org/freeswitch/esl/client/transport/event/EslEventHeaderNames.java,1.00,95.00,4.00,0.00,0.00,0.00,FSESL,95.00
bbb-fsesl-client/src/main/java/org/freeswitch/esl/client/transport/message/EslMessage.java,1.00,95.00,4.00,0.00,0.00,0.00,FSESL,95.00
bbb-fsesl-client/src/main/java/org/freeswitch/esl/client/transport/message/EslFrameDecoder.java,0.00,100.00,10.00,0.00,0.00,20.00,FSESL,100.00
bbb-fsesl-client/src/main/java/org/freeswitch/esl/client/transport/message/EslHeaders.java,0.00,90.00,10.00,0.00,0.00,0.00,FSESL,90.00
bbb-fsesl-client/src/main/java/org/freeswitch/esl/client/transport/CommandResponse.java,10.00,90.00,30.00,0.00,0.00,5.00,FSESL,90.00
bbb-fsesl-client/src/main/java/org/freeswitch/esl/client/transport/SendMsg.java,10.00,85.00,30.00,0.00,0.00,5.00,FSESL,85.00
bbb-fsesl-client/src/main/java/org/freeswitch/esl/client/outbound/example/SimpleHangupOutboundHandler.java,10.00,90.00,30.00,0.00,0.00,5.00,FSESL,90.00
bbb-fsesl-client/src/main/java/org/freeswitch/esl/client/outbound/example/SimpleHangupPipelineFactory.java,20.00,80.00,50.00,0.00,0.00,10.00,FSESL,80.00
bbb-fsesl-client/src/main/java/org/freeswitch/esl/client/outbound/AbstractOutboundPipelineFactory.java,0.00,90.00,20.00,0.00,0.00,0.00,FSESL,90.00
bbb-fsesl-client/src/main/java/org/freeswitch/esl/client/outbound/SocketClient.java,10.00,80.00,40.00,0.00,0.00,20.00,FSESL,80.00
bbb-fsesl-client/src/main/java/org/freeswitch/esl/client/outbound/AbstractOutboundClientHandler.java,5.00,95.00,30.00,0.00,0.00,10.00,FSESL,95.00
bbb-fsesl-client/src/main/java/org/freeswitch/esl/client/internal/debug/ExecutionHandler.java,10.00,90.00,20.00,0.00,0.00,5.00,FSESL,90.00
bbb-fsesl-client/src/main/java/org/freeswitch/esl/client/internal/debug/ChannelEventRunnable.java,5.00,90.00,15.00,0.00,0.00,0.00,FSESL,90.00
bbb-fsesl-client/src/main/java/org/freeswitch/esl/client/internal/IEslProtocolListener.java,10.00,90.00,30.00,0.00,0.00,10.00,FSESL,90.00
bbb-fsesl-client/src/main/java/org/freeswitch/esl/client/internal/HeaderParser.java,0.00,95.00,5.00,0.00,0.00,0.00,FSESL,95.00
bbb-fsesl-client/src/main/java/org/freeswitch/esl/client/internal/AbstractEslClientHandler.java,10.00,95.00,20.00,0.00,0.00,5.00,FSESL,95.00
bbb-fsesl-client/src/main/java/org/freeswitch/esl/client/manager/internal/ManagerConnectionImpl.java,10.00,90.00,30.00,0.00,0.00,0.00,FSESL,90.00
bbb-fsesl-client/src/main/java/org/freeswitch/esl/client/manager/ManagerConnection.java,20.00,95.00,30.00,0.00,0.00,5.00,FSESL,95.00
bbb-fsesl-client/src/main/java/org/freeswitch/esl/client/manager/DefaultManagerConnection.java,20.00,90.00,30.00,0.00,0.00,10.00,FSESL,90.00
bbb-fsesl-client/src/main/java/org/freeswitch/esl/client/inbound/InboundPipelineFactory.java,10.00,90.00,30.00,0.00,0.00,5.00,FSESL,90.00
bbb-fsesl-client/src/main/java/org/freeswitch/esl/client/inbound/InboundClientHandler.java,10.00,85.00,30.00,0.00,0.00,5.00,FSESL,85.00
bbb-fsesl-client/src/main/java/org/freeswitch/esl/client/inbound/Client.java,10.00,90.00,30.00,0.00,0.00,5.00,FSESL,90.00
bbb-fsesl-client/src/main/java/org/freeswitch/esl/client/inbound/InboundConnectionFailure.java,10.00,95.00,30.00,0.00,0.00,5.00,FSESL,95.00
bbb-fsesl-client/src/main/java/org/freeswitch/esl/client/example/EslEventListener.java,20.00,95.00,40.00,0.00,0.00,5.00,FSESL,95.00
bbb-fsesl-client/src/main/java/org/freeswitch/esl/client/example/HeartbeatThread.java,10.00,90.00,30.00,0.00,0.00,20.00,FSESL,90.00
bbb-fsesl-client/src/main/java/org/freeswitch/esl/client/example/ExampleClient.java,10.00,90.00,30.00,0.00,0.00,5.00,FSESL,90.00
bbb-fsesl-client/src/main/java/org/freeswitch/esl/client/IEslEventListener.java,20.00,90.00,70.00,0.00,0.00,10.00,FSESL,90.00
bigbluebutton-web/pres-checker/src/main/java/org/bigbluebutton/prescheck/Main.java,5.00,0.00,0.00,85.00,0.00,0.00,Presentation Conversion,85.00
bbb-recording-imex/src/main/java/org/bigbluebutton/RecordingApp.java,70.00,5.00,0.00,0.00,10.00,5.00,Apps,70.00
bbb-recording-imex/src/main/java/org/bigbluebutton/RecordingExportHandler.java,70.00,0.00,0.00,0.00,5.00,0.00,Apps,70.00
bbb-recording-imex/src/main/java/org/bigbluebutton/RecordingImportHandler.java,10.00,0.00,0.00,20.00,30.00,0.00,Redis DB,30.00
bbb-common-message/src/main/java/org/bigbluebutton/common2/redis/pubsub/MessageSender.java,20.00,25.00,5.00,0.00,10.00,95.00,Redis PubSub,95.00
bbb-common-message/src/main/java/org/bigbluebutton/common2/redis/pubsub/MessageDistributor.java,30.00,20.00,10.00,5.00,5.00,95.00,Redis PubSub,95.00
bbb-common-message/src/main/java/org/bigbluebutton/common2/redis/pubsub/MessageToSend.java,20.00,10.00,0.00,0.00,0.00,100.00,Redis PubSub,100.00
bbb-common-message/src/main/java/org/bigbluebutton/common2/redis/pubsub/ReceivedMessage.java,10.00,15.00,5.00,0.00,0.00,95.00,Redis PubSub,95.00
bbb-common-message/src/main/java/org/bigbluebutton/common2/redis/pubsub/MessageHandler.java,20.00,15.00,0.00,0.00,5.00,90.00,Redis PubSub,90.00
bbb-common-message/src/main/java/org/bigbluebutton/common2/redis/pubsub/MessageReceiver.java,20.00,15.00,5.00,0.00,5.00,95.00,Redis PubSub,95.00
bbb-common-message/src/main/java/org/bigbluebutton/common2/redis/pubsub/ReceivedMessageHandler.java,20.00,15.00,5.00,0.00,0.00,95.00,Redis PubSub,95.00
bbb-common-message/src/main/java/org/bigbluebutton/common2/redis/RedisStorageService.java,0.00,0.00,0.00,5.00,85.00,10.00,Redis DB,85.00
bbb-common-message/src/main/java/org/bigbluebutton/common2/redis/Keys.java,20.00,10.00,5.00,5.00,40.00,30.00,Redis DB,40.00
bbb-common-message/src/main/java/org/bigbluebutton/common2/redis/RedisAwareCommunicator.java,10.00,15.00,5.00,0.00,30.00,90.00,Redis PubSub,90.00
akka-bbb-apps/src/main/scala/org/bigbluebutton/core/util/jhotdraw/PathCommands.java,10.00,0.00,0.00,60.00,0.00,0.00,Presentation Conversion,60.00
akka-bbb-apps/src/main/scala/org/bigbluebutton/core/util/jhotdraw/Geom.java,5.00,0.00,0.00,20.00,0.00,0.00,Presentation Conversion,20.00
akka-bbb-apps/src/main/scala/org/bigbluebutton/core/util/jhotdraw/BezierPath.java,5.00,0.00,0.00,50.00,0.00,0.00,Presentation Conversion,50.00
akka-bbb-apps/src/main/scala/org/bigbluebutton/core/util/jhotdraw/BezierWrapper.java,10.00,0.00,0.00,20.00,0.00,0.00,Presentation Conversion,20.00
akka-bbb-apps/src/main/scala/org/bigbluebutton/core/util/jhotdraw/BezierPathIterator.java,5.00,0.00,0.00,85.00,0.00,0.00,Presentation Conversion,85.00
akka-bbb-apps/src/main/scala/org/bigbluebutton/core/util/jhotdraw/PathData.java,5.00,0.00,0.00,80.00,5.00,10.00,Presentation Conversion,80.00
akka-bbb-apps/src/main/scala/org/bigbluebutton/core/util/jhotdraw/Shapes.java,20.00,0.00,0.00,5.00,0.00,0.00,Apps,20.00
akka-bbb-apps/src/main/scala/org/bigbluebutton/core/util/jhotdraw/Bezier.java,0.00,0.00,0.00,90.00,0.00,0.00,Presentation Conversion,90.00
